[
    {
        "country": "Afghanistan",
        "incomeperperson": NaN,
        "alcconsumption": 0.03,
        "armedforcesrate": 0.5696534000000001,
        "breastcancerper100th": 26.8,
        "co2emissions": 75944000.0,
        "femaleemployrate": 25.60000038,
        "hivrate": NaN,
        "internetuserate": 3.654121623,
        "lifeexpectancy": 48.673,
        "oilperperson": NaN,
        "polityscore": 0.0,
        "relectricperperson": NaN,
        "suicideper100th": 6.684385300000001,
        "employrate": 55.70000076,
        "urbanrate": 24.04,
        "id": 4
    },
    {
        "country": "Albania",
        "incomeperperson": 1914.996551,
        "alcconsumption": 7.29,
        "armedforcesrate": 1.0247361,
        "breastcancerper100th": 57.4,
        "co2emissions": 223747333.3,
        "femaleemployrate": 42.09999847,
        "hivrate": NaN,
        "internetuserate": 44.98994696,
        "lifeexpectancy": 76.918,
        "oilperperson": NaN,
        "polityscore": 9.0,
        "relectricperperson": 636.3413833999999,
        "suicideper100th": 7.699329852999999,
        "employrate": 51.40000153,
        "urbanrate": 46.72,
        "id": 8
    },
    {
        "country": "Algeria",
        "incomeperperson": 2231.993335,
        "alcconsumption": 0.69,
        "armedforcesrate": 2.306817,
        "breastcancerper100th": 23.5,
        "co2emissions": 2932108667.0,
        "femaleemployrate": 31.70000076,
        "hivrate": 0.1,
        "internetuserate": 12.50007331,
        "lifeexpectancy": 73.131,
        "oilperperson": 0.420094525,
        "polityscore": 2.0,
        "relectricperperson": 590.5098142999999,
        "suicideper100th": 4.848769665,
        "employrate": 50.5,
        "urbanrate": 65.22,
        "id": 12
    },
    {
        "country": "Angola",
        "incomeperperson": 1381.004268,
        "alcconsumption": 5.57,
        "armedforcesrate": 1.4613288,
        "breastcancerper100th": 23.1,
        "co2emissions": 248358000.0,
        "femaleemployrate": 69.40000153,
        "hivrate": 2.0,
        "internetuserate": 9.999953883,
        "lifeexpectancy": 51.093,
        "oilperperson": NaN,
        "polityscore": -2.0,
        "relectricperperson": 172.9992274,
        "suicideper100th": 14.55467701,
        "employrate": 75.69999695,
        "urbanrate": 56.7,
        "id": 24
    },
    {
        "country": "Argentina",
        "incomeperperson": 10749.41924,
        "alcconsumption": 9.35,
        "armedforcesrate": 0.560987,
        "breastcancerper100th": 73.9,
        "co2emissions": 5872119000.0,
        "femaleemployrate": 45.90000153,
        "hivrate": 0.5,
        "internetuserate": 36.00033495,
        "lifeexpectancy": 75.90100000000001,
        "oilperperson": 0.635943801,
        "polityscore": 8.0,
        "relectricperperson": 768.4282997,
        "suicideper100th": 7.765584,
        "employrate": 58.40000153,
        "urbanrate": 92.0,
        "id": 32
    },
    {
        "country": "Armenia",
        "incomeperperson": 1326.741757,
        "alcconsumption": 13.66,
        "armedforcesrate": 2.6184384,
        "breastcancerper100th": 51.6,
        "co2emissions": 51219666.67,
        "femaleemployrate": 34.20000076,
        "hivrate": 0.1,
        "internetuserate": 44.00102458,
        "lifeexpectancy": 74.241,
        "oilperperson": NaN,
        "polityscore": 5.0,
        "relectricperperson": 603.7630576,
        "suicideper100th": 3.741587877,
        "employrate": 40.09999847,
        "urbanrate": 63.86,
        "id": 51
    },
    {
        "country": "Australia",
        "incomeperperson": 25249.98606,
        "alcconsumption": 10.21,
        "armedforcesrate": 0.4862799,
        "breastcancerper100th": 83.2,
        "co2emissions": 12970092667.0,
        "femaleemployrate": 54.59999847,
        "hivrate": 0.1,
        "internetuserate": 75.89565379999999,
        "lifeexpectancy": 81.907,
        "oilperperson": 1.913026109,
        "polityscore": 10.0,
        "relectricperperson": 2825.391095,
        "suicideper100th": 8.470030125,
        "employrate": 61.5,
        "urbanrate": 88.74,
        "id": 36
    },
    {
        "country": "Austria",
        "incomeperperson": 26692.98411,
        "alcconsumption": 12.4,
        "armedforcesrate": 0.8155798000000001,
        "breastcancerper100th": 70.5,
        "co2emissions": 4466084333.0,
        "femaleemployrate": 49.70000076,
        "hivrate": 0.3,
        "internetuserate": 72.73157554,
        "lifeexpectancy": 80.854,
        "oilperperson": 1.548790966,
        "polityscore": 10.0,
        "relectricperperson": 2068.123309,
        "suicideper100th": 13.09437,
        "employrate": 57.09999847,
        "urbanrate": 67.16,
        "id": 40
    },
    {
        "country": "Azerbaijan",
        "incomeperperson": 2344.896916,
        "alcconsumption": 13.34,
        "armedforcesrate": 1.9767462,
        "breastcancerper100th": 31.5,
        "co2emissions": 511107666.7,
        "femaleemployrate": 56.20000076,
        "hivrate": 0.1,
        "internetuserate": 46.67970157,
        "lifeexpectancy": 70.73899999999999,
        "oilperperson": 0.35917261,
        "polityscore": -7.0,
        "relectricperperson": 921.5621108,
        "suicideper100th": 1.380964637,
        "employrate": 60.90000153,
        "urbanrate": 51.92,
        "id": 31
    },
    {
        "country": "Bahamas",
        "incomeperperson": 19630.54055,
        "alcconsumption": 8.65,
        "armedforcesrate": 0.5452863,
        "breastcancerper100th": 54.4,
        "co2emissions": 137555000.0,
        "femaleemployrate": 60.70000076,
        "hivrate": 3.1,
        "internetuserate": 42.98458017,
        "lifeexpectancy": 75.62,
        "oilperperson": NaN,
        "polityscore": NaN,
        "relectricperperson": NaN,
        "suicideper100th": 3.374415874,
        "employrate": 66.59999847,
        "urbanrate": 83.7,
        "id": 44
    },
    {
        "country": "Bangladesh",
        "incomeperperson": 558.0628766,
        "alcconsumption": 0.17,
        "armedforcesrate": 0.2878915,
        "breastcancerper100th": 16.6,
        "co2emissions": 598774000.0,
        "femaleemployrate": 53.59999847,
        "hivrate": 0.06,
        "internetuserate": 3.70000326,
        "lifeexpectancy": 68.944,
        "oilperperson": 0.032281466,
        "polityscore": 5.0,
        "relectricperperson": 68.11522858,
        "suicideper100th": 14.53835678,
        "employrate": 68.09999847,
        "urbanrate": 27.14,
        "id": 50
    },
    {
        "country": "Belarus",
        "incomeperperson": 2737.670379,
        "alcconsumption": 18.85,
        "armedforcesrate": 3.7119299,
        "breastcancerper100th": 36.0,
        "co2emissions": 999874333.3,
        "femaleemployrate": 48.59999847,
        "hivrate": 0.3,
        "internetuserate": 32.05214391,
        "lifeexpectancy": 70.34899999999999,
        "oilperperson": 0.68782808,
        "polityscore": -7.0,
        "relectricperperson": 614.9072872,
        "suicideper100th": 26.8746903,
        "employrate": 53.40000153,
        "urbanrate": 73.46,
        "id": 112
    },
    {
        "country": "Belgium",
        "incomeperperson": 24496.04826,
        "alcconsumption": 10.41,
        "armedforcesrate": 0.8156477,
        "breastcancerper100th": 92.0,
        "co2emissions": 10897025333.0,
        "femaleemployrate": 41.70000076,
        "hivrate": 0.2,
        "internetuserate": 73.73393447,
        "lifeexpectancy": 80.009,
        "oilperperson": NaN,
        "polityscore": 8.0,
        "relectricperperson": 1920.962215,
        "suicideper100th": 15.95385,
        "employrate": 48.59999847,
        "urbanrate": 97.36,
        "id": 56
    },
    {
        "country": "Belize",
        "incomeperperson": 3545.6521740000003,
        "alcconsumption": 5.92,
        "armedforcesrate": 0.7583555999999999,
        "breastcancerper100th": 29.8,
        "co2emissions": 14058000.0,
        "femaleemployrate": 38.79999924,
        "hivrate": 2.3,
        "internetuserate": 12.64573333,
        "lifeexpectancy": 76.072,
        "oilperperson": NaN,
        "polityscore": NaN,
        "relectricperperson": NaN,
        "suicideper100th": 9.388795853,
        "employrate": 56.79999924,
        "urbanrate": 51.7,
        "id": 84
    },
    {
        "country": "Benin",
        "incomeperperson": 377.0396995,
        "alcconsumption": 2.08,
        "armedforcesrate": 0.2233985999999999,
        "breastcancerper100th": 28.1,
        "co2emissions": 37950000.0,
        "femaleemployrate": 58.20000076,
        "hivrate": 1.2,
        "internetuserate": 3.129961803,
        "lifeexpectancy": 56.081,
        "oilperperson": NaN,
        "polityscore": 7.0,
        "relectricperperson": 38.22294336,
        "suicideper100th": 6.057739735,
        "employrate": 71.59999847,
        "urbanrate": 41.2,
        "id": 204
    },
    {
        "country": "Bhutan",
        "incomeperperson": 1324.194906,
        "alcconsumption": 0.54,
        "armedforcesrate": NaN,
        "breastcancerper100th": 21.8,
        "co2emissions": 6024333.333,
        "femaleemployrate": 39.90000153,
        "hivrate": 0.2,
        "internetuserate": 13.59887603,
        "lifeexpectancy": 67.185,
        "oilperperson": NaN,
        "polityscore": 3.0,
        "relectricperperson": NaN,
        "suicideper100th": 15.54260254,
        "employrate": 58.40000153,
        "urbanrate": 34.48,
        "id": 64
    },
    {
        "country": "Bolivia",
        "incomeperperson": 1232.794137,
        "alcconsumption": 5.78,
        "armedforcesrate": 1.8821978,
        "breastcancerper100th": 24.7,
        "co2emissions": 254939666.7,
        "femaleemployrate": 61.59999847,
        "hivrate": 0.2,
        "internetuserate": 20.00171014,
        "lifeexpectancy": 66.618,
        "oilperperson": NaN,
        "polityscore": 7.0,
        "relectricperperson": 213.0616137,
        "suicideper100th": 2.034178495,
        "employrate": 70.40000153,
        "urbanrate": 65.58,
        "id": 68
    },
    {
        "country": "Botswana",
        "incomeperperson": 4189.436587,
        "alcconsumption": 6.97,
        "armedforcesrate": 1.1319097,
        "breastcancerper100th": 33.4,
        "co2emissions": 78943333.33,
        "femaleemployrate": 38.70000076,
        "hivrate": 24.8,
        "internetuserate": 5.999835575,
        "lifeexpectancy": 53.183,
        "oilperperson": NaN,
        "polityscore": 8.0,
        "relectricperperson": 454.7957053,
        "suicideper100th": 11.21397018,
        "employrate": 46.0,
        "urbanrate": 59.58,
        "id": 72
    },
    {
        "country": "Brazil",
        "incomeperperson": 4699.411262,
        "alcconsumption": 10.08,
        "armedforcesrate": 0.7213964,
        "breastcancerper100th": 46.0,
        "co2emissions": 9580226333.0,
        "femaleemployrate": 53.29999924,
        "hivrate": 0.45,
        "internetuserate": 40.650098,
        "lifeexpectancy": 73.488,
        "oilperperson": 0.5996517889999999,
        "polityscore": 8.0,
        "relectricperperson": 498.1653052,
        "suicideper100th": 4.777007,
        "employrate": 64.5,
        "urbanrate": 85.58,
        "id": 76
    },
    {
        "country": "Brunei",
        "incomeperperson": 17092.46,
        "alcconsumption": 1.86,
        "armedforcesrate": 4.683989,
        "breastcancerper100th": 20.6,
        "co2emissions": 254206333.3,
        "femaleemployrate": 55.5,
        "hivrate": NaN,
        "internetuserate": 49.98997494,
        "lifeexpectancy": 78.005,
        "oilperperson": NaN,
        "polityscore": NaN,
        "relectricperperson": 3067.4989010000004,
        "suicideper100th": 1.370001554,
        "employrate": 63.79999924,
        "urbanrate": 74.82,
        "id": 96
    },
    {
        "country": "Bulgaria",
        "incomeperperson": 2549.558474,
        "alcconsumption": 11.4,
        "armedforcesrate": 2.0433877000000003,
        "breastcancerper100th": 46.2,
        "co2emissions": 3157700333.0,
        "femaleemployrate": 42.09999847,
        "hivrate": 0.1,
        "internetuserate": 45.98658991,
        "lifeexpectancy": 73.37100000000001,
        "oilperperson": 0.560423531,
        "polityscore": 9.0,
        "relectricperperson": 1380.869289,
        "suicideper100th": 9.216544,
        "employrate": 47.29999924,
        "urbanrate": 71.1,
        "id": 100
    },
    {
        "country": "Burkina Faso",
        "incomeperperson": 276.200413,
        "alcconsumption": 7.32,
        "armedforcesrate": 0.1629041,
        "breastcancerper100th": 30.6,
        "co2emissions": 20628666.67,
        "femaleemployrate": 75.80000305,
        "hivrate": 1.2,
        "internetuserate": 1.4000607,
        "lifeexpectancy": 55.43899999999999,
        "oilperperson": NaN,
        "polityscore": 0.0,
        "relectricperperson": NaN,
        "suicideper100th": 8.204221725,
        "employrate": 81.30000305,
        "urbanrate": 19.56,
        "id": 854
    },
    {
        "country": "Burundi",
        "incomeperperson": 115.3059959,
        "alcconsumption": 9.65,
        "armedforcesrate": 1.1577498,
        "breastcancerper100th": 19.5,
        "co2emissions": 8092333.333,
        "femaleemployrate": 83.30000305,
        "hivrate": 3.3,
        "internetuserate": 2.100212706,
        "lifeexpectancy": 50.411,
        "oilperperson": NaN,
        "polityscore": 6.0,
        "relectricperperson": NaN,
        "suicideper100th": 14.68093586,
        "employrate": 83.19999695,
        "urbanrate": 10.4,
        "id": 108
    },
    {
        "country": "Cambodia",
        "incomeperperson": 557.9475126,
        "alcconsumption": 4.71,
        "armedforcesrate": 2.5364458,
        "breastcancerper100th": 21.5,
        "co2emissions": 45411666.67,
        "femaleemployrate": 73.40000153,
        "hivrate": 0.5,
        "internetuserate": 1.259933609,
        "lifeexpectancy": 63.125,
        "oilperperson": NaN,
        "polityscore": 2.0,
        "relectricperperson": 51.58131958,
        "suicideper100th": 4.961071491,
        "employrate": 78.90000153,
        "urbanrate": 21.56,
        "id": 116
    },
    {
        "country": "Cameroon",
        "incomeperperson": 713.6393027,
        "alcconsumption": 7.9,
        "armedforcesrate": 0.305758,
        "breastcancerper100th": 29.7,
        "co2emissions": 125172666.7,
        "femaleemployrate": 49.0,
        "hivrate": 5.3,
        "internetuserate": 3.999977346,
        "lifeexpectancy": 51.61,
        "oilperperson": NaN,
        "polityscore": -4.0,
        "relectricperperson": 59.55124498,
        "suicideper100th": 7.214220524,
        "employrate": 59.09999847,
        "urbanrate": 56.76,
        "id": 120
    },
    {
        "country": "Canada",
        "incomeperperson": 25575.35262,
        "alcconsumption": 10.2,
        "armedforcesrate": 0.3429763,
        "breastcancerper100th": 84.3,
        "co2emissions": 24979045667.0,
        "femaleemployrate": 58.90000153,
        "hivrate": 0.2,
        "internetuserate": 81.33839269,
        "lifeexpectancy": 81.012,
        "oilperperson": 3.007355851,
        "polityscore": 10.0,
        "relectricperperson": 4772.370648,
        "suicideper100th": 10.10099,
        "employrate": 63.5,
        "urbanrate": 80.4,
        "id": 124
    },
    {
        "country": "Central African Rep.",
        "incomeperperson": 239.5187494,
        "alcconsumption": 3.17,
        "armedforcesrate": 0.1486587,
        "breastcancerper100th": 16.5,
        "co2emissions": 8338000.0,
        "femaleemployrate": 62.90000153,
        "hivrate": 4.7,
        "internetuserate": 2.300026653,
        "lifeexpectancy": 48.398,
        "oilperperson": NaN,
        "polityscore": -1.0,
        "relectricperperson": NaN,
        "suicideper100th": 13.54841995,
        "employrate": 71.30000305,
        "urbanrate": 38.58,
        "id": 140
    },
    {
        "country": "Chad",
        "incomeperperson": 275.88428650000003,
        "alcconsumption": 4.39,
        "armedforcesrate": 0.8358123,
        "breastcancerper100th": 16.5,
        "co2emissions": 7608333.333,
        "femaleemployrate": 66.30000305,
        "hivrate": 3.4,
        "internetuserate": 1.700031496,
        "lifeexpectancy": 49.553,
        "oilperperson": NaN,
        "polityscore": -2.0,
        "relectricperperson": NaN,
        "suicideper100th": 8.283070563999999,
        "employrate": 68.90000153,
        "urbanrate": 26.68,
        "id": 148
    },
    {
        "country": "Chile",
        "incomeperperson": 6334.105194,
        "alcconsumption": 8.81,
        "armedforcesrate": 1.3411144,
        "breastcancerper100th": 43.9,
        "co2emissions": 1839471333.0,
        "femaleemployrate": 35.5,
        "hivrate": 0.4,
        "internetuserate": 45.0,
        "lifeexpectancy": 79.12,
        "oilperperson": 0.858961552,
        "polityscore": 10.0,
        "relectricperperson": 532.5151772,
        "suicideper100th": 10.17187,
        "employrate": 51.0,
        "urbanrate": 88.44,
        "id": 152
    },
    {
        "country": "China",
        "incomeperperson": 2425.471293,
        "alcconsumption": 5.56,
        "armedforcesrate": 0.3713568,
        "breastcancerper100th": 18.7,
        "co2emissions": 101000000000.0,
        "femaleemployrate": 68.90000153,
        "hivrate": 0.1,
        "internetuserate": 34.37778952,
        "lifeexpectancy": 73.456,
        "oilperperson": 0.319532369,
        "polityscore": -7.0,
        "relectricperperson": 331.376632,
        "suicideper100th": 16.91324806,
        "employrate": 72.80000305,
        "urbanrate": 43.1,
        "id": 156
    },
    {
        "country": "Colombia",
        "incomeperperson": 3233.42378,
        "alcconsumption": 6.59,
        "armedforcesrate": 2.2156207,
        "breastcancerper100th": 30.3,
        "co2emissions": 2269806000.0,
        "femaleemployrate": 54.90000153,
        "hivrate": 0.5,
        "internetuserate": 36.49987464,
        "lifeexpectancy": 73.703,
        "oilperperson": 0.237607469,
        "polityscore": 7.0,
        "relectricperperson": 404.5913654,
        "suicideper100th": 4.907702,
        "employrate": 63.20000076,
        "urbanrate": 74.5,
        "id": 170
    },
    {
        "country": "Costa Rica",
        "incomeperperson": 5188.900935000001,
        "alcconsumption": 5.81,
        "armedforcesrate": 0.4736536,
        "breastcancerper100th": 30.9,
        "co2emissions": 148470666.7,
        "femaleemployrate": 40.09999847,
        "hivrate": 0.3,
        "internetuserate": 36.49911472,
        "lifeexpectancy": 79.311,
        "oilperperson": NaN,
        "polityscore": 10.0,
        "relectricperperson": 798.3405996,
        "suicideper100th": 6.597167999999999,
        "employrate": 58.59999847,
        "urbanrate": 63.26,
        "id": 188
    },
    {
        "country": "Croatia",
        "incomeperperson": 6338.494668,
        "alcconsumption": 15.0,
        "armedforcesrate": 1.1032787,
        "breastcancerper100th": 62.1,
        "co2emissions": 310024000.0,
        "femaleemployrate": 39.40000153,
        "hivrate": 0.06,
        "internetuserate": 60.11970702,
        "lifeexpectancy": 76.64,
        "oilperperson": NaN,
        "polityscore": 9.0,
        "relectricperperson": 1494.410268,
        "suicideper100th": 14.77625,
        "employrate": 47.09999847,
        "urbanrate": 57.28,
        "id": 191
    },
    {
        "country": "Cuba",
        "incomeperperson": 4495.046262,
        "alcconsumption": 5.12,
        "armedforcesrate": 1.4953835,
        "breastcancerper100th": 31.2,
        "co2emissions": 1286670000.0,
        "femaleemployrate": 43.70000076,
        "hivrate": 0.1,
        "internetuserate": 15.89997034,
        "lifeexpectancy": 79.143,
        "oilperperson": NaN,
        "polityscore": -7.0,
        "relectricperperson": 528.7873496999999,
        "suicideper100th": 10.57191,
        "employrate": 56.0,
        "urbanrate": 75.66,
        "id": 192
    },
    {
        "country": "Cyprus",
        "incomeperperson": 15313.85935,
        "alcconsumption": 8.84,
        "armedforcesrate": 2.4549129,
        "breastcancerper100th": 67.2,
        "co2emissions": 183535000.0,
        "femaleemployrate": 51.29999924,
        "hivrate": NaN,
        "internetuserate": 53.02474483,
        "lifeexpectancy": 79.59100000000001,
        "oilperperson": NaN,
        "polityscore": 10.0,
        "relectricperperson": 2123.762863,
        "suicideper100th": 2.206169,
        "employrate": 59.09999847,
        "urbanrate": 69.9,
        "id": 196
    },
    {
        "country": "Denmark",
        "incomeperperson": 30532.27704,
        "alcconsumption": 12.02,
        "armedforcesrate": 1.012373,
        "breastcancerper100th": 88.7,
        "co2emissions": 3503877667.0,
        "femaleemployrate": 58.09999847,
        "hivrate": 0.2,
        "internetuserate": 88.77025387,
        "lifeexpectancy": 78.82600000000001,
        "oilperperson": 1.5675274609999998,
        "polityscore": 10.0,
        "relectricperperson": 1884.2993420000005,
        "suicideper100th": 8.973104,
        "employrate": 63.09999847,
        "urbanrate": 86.68,
        "id": 208
    },
    {
        "country": "Djibouti",
        "incomeperperson": 895.3183396,
        "alcconsumption": 1.87,
        "armedforcesrate": 3.4515458,
        "breastcancerper100th": 19.5,
        "co2emissions": 14054333.33,
        "femaleemployrate": NaN,
        "hivrate": 2.5,
        "internetuserate": 6.49792351,
        "lifeexpectancy": 57.937,
        "oilperperson": NaN,
        "polityscore": 2.0,
        "relectricperperson": NaN,
        "suicideper100th": 4.993475913999999,
        "employrate": NaN,
        "urbanrate": 87.3,
        "id": 262
    },
    {
        "country": "Dominican Rep.",
        "incomeperperson": 4049.169629,
        "alcconsumption": 6.28,
        "armedforcesrate": 1.469369,
        "breastcancerper100th": 36.1,
        "co2emissions": 446365333.3,
        "femaleemployrate": 40.5,
        "hivrate": 0.9,
        "internetuserate": 39.53127426,
        "lifeexpectancy": 73.396,
        "oilperperson": NaN,
        "polityscore": 8.0,
        "relectricperperson": 457.6448423000001,
        "suicideper100th": 6.519536972,
        "employrate": 52.70000076,
        "urbanrate": 69.02,
        "id": 214
    },
    {
        "country": "Ecuador",
        "incomeperperson": 1728.0209760000002,
        "alcconsumption": 9.43,
        "armedforcesrate": 1.0179463,
        "breastcancerper100th": 23.5,
        "co2emissions": 692039333.3,
        "femaleemployrate": 45.5,
        "hivrate": 0.4,
        "internetuserate": 28.99947674,
        "lifeexpectancy": 75.632,
        "oilperperson": 0.7328165409999999,
        "polityscore": 5.0,
        "relectricperperson": 314.8261997,
        "suicideper100th": 8.504684447999999,
        "employrate": 59.70000076,
        "urbanrate": 65.58,
        "id": 218
    },
    {
        "country": "Egypt",
        "incomeperperson": 1975.551906,
        "alcconsumption": 0.32,
        "armedforcesrate": 3.2908071000000003,
        "breastcancerper100th": 24.2,
        "co2emissions": 3341129000.0,
        "femaleemployrate": 18.20000076,
        "hivrate": 0.06,
        "internetuserate": 26.74002538,
        "lifeexpectancy": 73.235,
        "oilperperson": 0.447479266,
        "polityscore": -3.0,
        "relectricperperson": 536.7604507,
        "suicideper100th": 1.7999036309999998,
        "employrate": 42.40000153,
        "urbanrate": 42.72,
        "id": 818
    },
    {
        "country": "El Salvador",
        "incomeperperson": 2557.433638,
        "alcconsumption": 3.99,
        "armedforcesrate": 1.321155,
        "breastcancerper100th": 13.6,
        "co2emissions": 143586666.7,
        "femaleemployrate": 44.79999924,
        "hivrate": 0.8,
        "internetuserate": 15.89998203,
        "lifeexpectancy": 72.196,
        "oilperperson": NaN,
        "polityscore": 8.0,
        "relectricperperson": 256.0991513,
        "suicideper100th": 7.304886,
        "employrate": 58.20000076,
        "urbanrate": 60.7,
        "id": 222
    },
    {
        "country": "Eritrea",
        "incomeperperson": 131.796207,
        "alcconsumption": 1.64,
        "armedforcesrate": 9.8201265,
        "breastcancerper100th": 19.5,
        "co2emissions": 7315000.0,
        "femaleemployrate": 51.70000076,
        "hivrate": 0.8,
        "internetuserate": 5.399666997000001,
        "lifeexpectancy": 61.597,
        "oilperperson": NaN,
        "polityscore": -7.0,
        "relectricperperson": 20.28813109,
        "suicideper100th": 8.913362503,
        "employrate": 64.90000153,
        "urbanrate": 20.72,
        "id": 232
    },
    {
        "country": "Estonia",
        "incomeperperson": 6238.537506000001,
        "alcconsumption": 17.24,
        "armedforcesrate": 0.9984276,
        "breastcancerper100th": 47.7,
        "co2emissions": 277170666.7,
        "femaleemployrate": 52.09999847,
        "hivrate": 1.2,
        "internetuserate": 74.16304029999999,
        "lifeexpectancy": 74.825,
        "oilperperson": NaN,
        "polityscore": 9.0,
        "relectricperperson": 1411.230532,
        "suicideper100th": 16.959239999999998,
        "employrate": 56.5,
        "urbanrate": 69.46,
        "id": 233
    },
    {
        "country": "Ethiopia",
        "incomeperperson": 220.8912479,
        "alcconsumption": 4.1,
        "armedforcesrate": 0.3617085,
        "breastcancerper100th": 24.7,
        "co2emissions": 119958666.7,
        "femaleemployrate": 73.0,
        "hivrate": NaN,
        "internetuserate": 0.74999585,
        "lifeexpectancy": 59.274,
        "oilperperson": NaN,
        "polityscore": 1.0,
        "relectricperperson": 15.05623591,
        "suicideper100th": 10.07194233,
        "employrate": 80.69999695,
        "urbanrate": 17.0,
        "id": 231
    },
    {
        "country": "Fiji",
        "incomeperperson": 2230.676374,
        "alcconsumption": 2.76,
        "armedforcesrate": 1.1772684,
        "breastcancerper100th": 31.2,
        "co2emissions": 35717000.0,
        "femaleemployrate": 36.79999924,
        "hivrate": 0.1,
        "internetuserate": 14.83073588,
        "lifeexpectancy": 69.245,
        "oilperperson": NaN,
        "polityscore": -4.0,
        "relectricperperson": NaN,
        "suicideper100th": 3.94025898,
        "employrate": 56.40000153,
        "urbanrate": 52.36,
        "id": 242
    },
    {
        "country": "Finland",
        "incomeperperson": 27110.73159,
        "alcconsumption": 13.1,
        "armedforcesrate": 1.1774156999999998,
        "breastcancerper100th": 84.7,
        "co2emissions": 2420300667.0,
        "femaleemployrate": 53.40000153,
        "hivrate": 0.1,
        "internetuserate": 86.89884451,
        "lifeexpectancy": 79.977,
        "oilperperson": 1.938654268,
        "polityscore": 10.0,
        "relectricperperson": 4036.953993,
        "suicideper100th": 16.234370000000002,
        "employrate": 57.20000076,
        "urbanrate": 63.3,
        "id": 246
    },
    {
        "country": "France",
        "incomeperperson": 22878.46657,
        "alcconsumption": 12.48,
        "armedforcesrate": 1.2337802,
        "breastcancerper100th": 91.9,
        "co2emissions": 33341634333.0,
        "femaleemployrate": 45.59999847,
        "hivrate": 0.4,
        "internetuserate": 77.49861935,
        "lifeexpectancy": 81.539,
        "oilperperson": 1.328291411,
        "polityscore": 9.0,
        "relectricperperson": 2539.7532730000003,
        "suicideper100th": 14.09153,
        "employrate": 51.20000076,
        "urbanrate": 77.36,
        "id": 250
    },
    {
        "country": "Gabon",
        "incomeperperson": 4180.765821,
        "alcconsumption": 9.46,
        "armedforcesrate": 1.0189063,
        "breastcancerper100th": 18.2,
        "co2emissions": 170804333.3,
        "femaleemployrate": 52.59999847,
        "hivrate": 5.2,
        "internetuserate": 7.232224246,
        "lifeexpectancy": 62.703,
        "oilperperson": NaN,
        "polityscore": 3.0,
        "relectricperperson": 537.1047381,
        "suicideper100th": 7.745064735,
        "employrate": 59.0,
        "urbanrate": 85.04,
        "id": 266
    },
    {
        "country": "Gambia",
        "incomeperperson": 354.59972630000004,
        "alcconsumption": 3.58,
        "armedforcesrate": 0.1345905,
        "breastcancerper100th": 6.4,
        "co2emissions": 7355333.333,
        "femaleemployrate": 65.69999695,
        "hivrate": 2.0,
        "internetuserate": 9.196775477,
        "lifeexpectancy": 58.49100000000001,
        "oilperperson": NaN,
        "polityscore": -5.0,
        "relectricperperson": NaN,
        "suicideper100th": 6.449156761,
        "employrate": 71.69999695,
        "urbanrate": 56.42,
        "id": 270
    },
    {
        "country": "Georgia",
        "incomeperperson": 1258.762596,
        "alcconsumption": 6.66,
        "armedforcesrate": 1.4507353,
        "breastcancerper100th": 51.8,
        "co2emissions": 81191000.0,
        "femaleemployrate": 48.5,
        "hivrate": 0.1,
        "internetuserate": 26.29725148,
        "lifeexpectancy": 73.737,
        "oilperperson": NaN,
        "polityscore": 6.0,
        "relectricperperson": 617.9255517999999,
        "suicideper100th": 1.574350119,
        "employrate": 55.59999847,
        "urbanrate": 52.74,
        "id": 268
    },
    {
        "country": "Germany",
        "incomeperperson": 25306.18719,
        "alcconsumption": 12.14,
        "armedforcesrate": 0.5758095999999999,
        "breastcancerper100th": 79.8,
        "co2emissions": 41229554667.0,
        "femaleemployrate": 46.79999924,
        "hivrate": 0.1,
        "internetuserate": 82.52689791,
        "lifeexpectancy": 80.414,
        "oilperperson": 1.398500033,
        "polityscore": 10.0,
        "relectricperperson": 1693.891898,
        "suicideper100th": 9.211085,
        "employrate": 53.5,
        "urbanrate": 73.64,
        "id": 276
    },
    {
        "country": "Ghana",
        "incomeperperson": 358.9795398,
        "alcconsumption": 3.11,
        "armedforcesrate": 0.1314868,
        "breastcancerper100th": 28.1,
        "co2emissions": 188268666.7,
        "femaleemployrate": 64.09999847,
        "hivrate": 1.8,
        "internetuserate": 9.549930701,
        "lifeexpectancy": 64.22800000000001,
        "oilperperson": NaN,
        "polityscore": 8.0,
        "relectricperperson": 97.24649212,
        "suicideper100th": 6.288554668,
        "employrate": 65.09999847,
        "urbanrate": 50.02,
        "id": 288
    },
    {
        "country": "Greece",
        "incomeperperson": 13577.87989,
        "alcconsumption": 11.01,
        "armedforcesrate": 3.0932506,
        "breastcancerper100th": 51.6,
        "co2emissions": 2712915333.0,
        "femaleemployrate": 37.79999924,
        "hivrate": 0.1,
        "internetuserate": 44.57007444,
        "lifeexpectancy": 79.915,
        "oilperperson": 1.628614887,
        "polityscore": 10.0,
        "relectricperperson": 1690.718434,
        "suicideper100th": 2.816705,
        "employrate": 49.59999847,
        "urbanrate": 61.0,
        "id": 300
    },
    {
        "country": "Greenland",
        "incomeperperson": 20751.89342,
        "alcconsumption": NaN,
        "armedforcesrate": NaN,
        "breastcancerper100th": NaN,
        "co2emissions": 23635333.33,
        "femaleemployrate": NaN,
        "hivrate": NaN,
        "internetuserate": 63.84915272,
        "lifeexpectancy": NaN,
        "oilperperson": NaN,
        "polityscore": NaN,
        "relectricperperson": NaN,
        "suicideper100th": NaN,
        "employrate": NaN,
        "urbanrate": 83.52,
        "id": 304
    },
    {
        "country": "Guatemala",
        "incomeperperson": 1860.753895,
        "alcconsumption": 7.1,
        "armedforcesrate": 0.6608385,
        "breastcancerper100th": 25.9,
        "co2emissions": 242594000.0,
        "femaleemployrate": 44.0,
        "hivrate": 0.8,
        "internetuserate": 10.49994819,
        "lifeexpectancy": 71.172,
        "oilperperson": NaN,
        "polityscore": 8.0,
        "relectricperperson": 187.3248822,
        "suicideper100th": 2.234896,
        "employrate": 62.70000076,
        "urbanrate": 48.58,
        "id": 320
    },
    {
        "country": "Guinea",
        "incomeperperson": 411.5014473,
        "alcconsumption": 0.79,
        "armedforcesrate": 0.4026995,
        "breastcancerper100th": 15.3,
        "co2emissions": 46684000.0,
        "femaleemployrate": 77.59999847,
        "hivrate": 1.3,
        "internetuserate": 0.999958926,
        "lifeexpectancy": 54.097,
        "oilperperson": NaN,
        "polityscore": -1.0,
        "relectricperperson": NaN,
        "suicideper100th": 7.443826199,
        "employrate": 81.5,
        "urbanrate": 34.44,
        "id": 324
    },
    {
        "country": "Guinea-Bissau",
        "incomeperperson": 161.3171371,
        "alcconsumption": 3.9,
        "armedforcesrate": 0.9301079,
        "breastcancerper100th": 28.1,
        "co2emissions": 7813666.667,
        "femaleemployrate": 49.90000153,
        "hivrate": 2.5,
        "internetuserate": 2.450362244,
        "lifeexpectancy": 48.132,
        "oilperperson": NaN,
        "polityscore": 6.0,
        "relectricperperson": NaN,
        "suicideper100th": 7.563692092999999,
        "employrate": 65.90000153,
        "urbanrate": 29.84,
        "id": 624
    },
    {
        "country": "Guyana",
        "incomeperperson": 1200.652075,
        "alcconsumption": 8.7,
        "armedforcesrate": 0.8776656999999999,
        "breastcancerper100th": 29.5,
        "co2emissions": 69329333.33,
        "femaleemployrate": 41.79999924,
        "hivrate": 1.2,
        "internetuserate": 29.87992146,
        "lifeexpectancy": 69.92699999999999,
        "oilperperson": NaN,
        "polityscore": 6.0,
        "relectricperperson": NaN,
        "suicideper100th": 35.75287247,
        "employrate": 58.90000153,
        "urbanrate": 28.38,
        "id": 328
    },
    {
        "country": "Haiti",
        "incomeperperson": 371.4241975,
        "alcconsumption": 5.92,
        "armedforcesrate": 0.0,
        "breastcancerper100th": 4.4,
        "co2emissions": 40857666.67,
        "femaleemployrate": 35.40000153,
        "hivrate": 1.9,
        "internetuserate": 8.370206884,
        "lifeexpectancy": 62.095,
        "oilperperson": NaN,
        "polityscore": 5.0,
        "relectricperperson": 9.192394708,
        "suicideper100th": 1.519248009,
        "employrate": 55.90000153,
        "urbanrate": 46.84,
        "id": 332
    },
    {
        "country": "Honduras",
        "incomeperperson": 1392.411829,
        "alcconsumption": 4.43,
        "armedforcesrate": 0.7108232,
        "breastcancerper100th": 25.9,
        "co2emissions": 131703000.0,
        "femaleemployrate": 34.20000076,
        "hivrate": 0.8,
        "internetuserate": 11.09076463,
        "lifeexpectancy": 73.126,
        "oilperperson": NaN,
        "polityscore": 7.0,
        "relectricperperson": 278.739635,
        "suicideper100th": 7.060184479,
        "employrate": 56.29999924,
        "urbanrate": 47.88,
        "id": 340
    },
    {
        "country": "Hungary",
        "incomeperperson": 5634.003948,
        "alcconsumption": 16.12,
        "armedforcesrate": 0.8668624,
        "breastcancerper100th": 63.0,
        "co2emissions": 4244009000.0,
        "femaleemployrate": 40.29999924,
        "hivrate": 0.06,
        "internetuserate": 65.16325092,
        "lifeexpectancy": 74.414,
        "oilperperson": 0.67109758,
        "polityscore": 10.0,
        "relectricperperson": 1154.179932,
        "suicideper100th": 20.16201,
        "employrate": 47.29999924,
        "urbanrate": 67.5,
        "id": 348
    },
    {
        "country": "Iceland",
        "incomeperperson": 33945.31442,
        "alcconsumption": 7.38,
        "armedforcesrate": 0.0661,
        "breastcancerper100th": 90.0,
        "co2emissions": 92770333.33,
        "femaleemployrate": 69.59999847,
        "hivrate": 0.3,
        "internetuserate": 95.63811321,
        "lifeexpectancy": 81.804,
        "oilperperson": NaN,
        "polityscore": NaN,
        "relectricperperson": 2826.044873,
        "suicideper100th": 11.42618084,
        "employrate": 73.59999847,
        "urbanrate": 92.26,
        "id": 352
    },
    {
        "country": "India",
        "incomeperperson": 786.7000981000001,
        "alcconsumption": 2.69,
        "armedforcesrate": 0.5739204000000001,
        "breastcancerper100th": 19.1,
        "co2emissions": 30391317000.0,
        "femaleemployrate": 32.29999924,
        "hivrate": 0.3,
        "internetuserate": 7.499995877999999,
        "lifeexpectancy": 65.438,
        "oilperperson": 0.126978752,
        "polityscore": 9.0,
        "relectricperperson": 110.7054664,
        "suicideper100th": 18.58382607,
        "employrate": 55.40000153,
        "urbanrate": 29.54,
        "id": 356
    },
    {
        "country": "Indonesia",
        "incomeperperson": 1143.831514,
        "alcconsumption": 0.56,
        "armedforcesrate": 0.5159403,
        "breastcancerper100th": 26.1,
        "co2emissions": 6710201667.0,
        "femaleemployrate": 44.09999847,
        "hivrate": 0.2,
        "internetuserate": 9.900038672,
        "lifeexpectancy": 69.366,
        "oilperperson": 0.248466951,
        "polityscore": 8.0,
        "relectricperperson": 221.9614614,
        "suicideper100th": 11.39611149,
        "employrate": 61.5,
        "urbanrate": 51.46,
        "id": 360
    },
    {
        "country": "Iran",
        "incomeperperson": 2161.54651,
        "alcconsumption": 1.03,
        "armedforcesrate": 2.0263996,
        "breastcancerper100th": 17.1,
        "co2emissions": 9183548000.0,
        "femaleemployrate": 26.89999962,
        "hivrate": 0.2,
        "internetuserate": 13.00011072,
        "lifeexpectancy": 72.97399999999999,
        "oilperperson": 1.162576448,
        "polityscore": -7.0,
        "relectricperperson": 753.2098022000001,
        "suicideper100th": 6.021882057000001,
        "employrate": 47.79999924,
        "urbanrate": 68.46,
        "id": 364
    },
    {
        "country": "Iraq",
        "incomeperperson": 736.2680538,
        "alcconsumption": 0.47,
        "armedforcesrate": 7.7379125,
        "breastcancerper100th": 31.7,
        "co2emissions": 2421917667.0,
        "femaleemployrate": 12.39999962,
        "hivrate": NaN,
        "internetuserate": 2.471948347,
        "lifeexpectancy": 69.042,
        "oilperperson": NaN,
        "polityscore": 0.0,
        "relectricperperson": 0.0,
        "suicideper100th": 17.03264618,
        "employrate": 37.40000153,
        "urbanrate": 66.6,
        "id": 368
    },
    {
        "country": "Ireland",
        "incomeperperson": 27595.09135,
        "alcconsumption": 14.92,
        "armedforcesrate": 0.4500244,
        "breastcancerper100th": 74.9,
        "co2emissions": 1633778667.0,
        "femaleemployrate": 51.0,
        "hivrate": 0.2,
        "internetuserate": 69.77039441,
        "lifeexpectancy": 80.557,
        "oilperperson": 1.700261751,
        "polityscore": 10.0,
        "relectricperperson": 2051.802338,
        "suicideper100th": 10.36507,
        "employrate": 59.90000153,
        "urbanrate": 61.34,
        "id": 372
    },
    {
        "country": "Israel",
        "incomeperperson": 22275.75166,
        "alcconsumption": 2.52,
        "armedforcesrate": 5.8731426,
        "breastcancerper100th": 90.8,
        "co2emissions": 1561079667.0,
        "femaleemployrate": 46.40000153,
        "hivrate": 0.2,
        "internetuserate": 65.38778594,
        "lifeexpectancy": 81.618,
        "oilperperson": NaN,
        "polityscore": 10.0,
        "relectricperperson": 2342.435248,
        "suicideper100th": 5.931845,
        "employrate": 51.29999924,
        "urbanrate": 91.66,
        "id": 376
    },
    {
        "country": "Italy",
        "incomeperperson": 18982.26929,
        "alcconsumption": 9.72,
        "armedforcesrate": 1.7293464,
        "breastcancerper100th": 74.4,
        "co2emissions": 19000454000.0,
        "femaleemployrate": 35.79999924,
        "hivrate": 0.3,
        "internetuserate": 53.7402166,
        "lifeexpectancy": 81.855,
        "oilperperson": 1.207249814,
        "polityscore": 10.0,
        "relectricperperson": 1176.385457,
        "suicideper100th": 4.930044509,
        "employrate": 46.40000153,
        "urbanrate": 68.08,
        "id": 380
    },
    {
        "country": "Jamaica",
        "incomeperperson": 3665.348369,
        "alcconsumption": 5.17,
        "armedforcesrate": 0.2437395,
        "breastcancerper100th": 43.5,
        "co2emissions": 340090666.7,
        "femaleemployrate": 47.5,
        "hivrate": 1.7,
        "internetuserate": 26.47722324,
        "lifeexpectancy": 73.127,
        "oilperperson": NaN,
        "polityscore": 9.0,
        "relectricperperson": 368.4346061,
        "suicideper100th": 4.417507172,
        "employrate": 58.20000076,
        "urbanrate": 53.3,
        "id": 388
    },
    {
        "country": "Japan",
        "incomeperperson": 39309.47886,
        "alcconsumption": 7.79,
        "armedforcesrate": 0.3618584,
        "breastcancerper100th": 32.7,
        "co2emissions": 46092214667.0,
        "femaleemployrate": 46.20000076,
        "hivrate": 0.06,
        "internetuserate": 77.63853515,
        "lifeexpectancy": 83.39399999999999,
        "oilperperson": 1.593223489,
        "polityscore": 10.0,
        "relectricperperson": 2257.572233,
        "suicideper100th": 18.94693,
        "employrate": 57.29999924,
        "urbanrate": 66.48,
        "id": 392
    },
    {
        "country": "Jordan",
        "incomeperperson": 2534.00038,
        "alcconsumption": 0.65,
        "armedforcesrate": 5.909699099999999,
        "breastcancerper100th": 33.0,
        "co2emissions": 377303666.7,
        "femaleemployrate": 13.0,
        "hivrate": NaN,
        "internetuserate": 38.88120159,
        "lifeexpectancy": 73.403,
        "oilperperson": NaN,
        "polityscore": -3.0,
        "relectricperperson": 719.4765302000001,
        "suicideper100th": 0.201448724,
        "employrate": 38.90000153,
        "urbanrate": 78.42,
        "id": 400
    },
    {
        "country": "Kazakhstan",
        "incomeperperson": 2481.718918,
        "alcconsumption": 11.1,
        "armedforcesrate": 0.9562696,
        "breastcancerper100th": 38.7,
        "co2emissions": 2484925667.0,
        "femaleemployrate": 58.20000076,
        "hivrate": 0.1,
        "internetuserate": 33.38212816,
        "lifeexpectancy": 67.017,
        "oilperperson": 0.779964667,
        "polityscore": -6.0,
        "relectricperperson": 484.098988,
        "suicideper100th": 25.4046,
        "employrate": 63.70000076,
        "urbanrate": 57.94,
        "id": 398
    },
    {
        "country": "Kenya",
        "incomeperperson": 468.69604360000005,
        "alcconsumption": 3.88,
        "armedforcesrate": 0.1595738,
        "breastcancerper100th": 25.2,
        "co2emissions": 283583666.7,
        "femaleemployrate": 66.59999847,
        "hivrate": 6.3,
        "internetuserate": 25.8997967,
        "lifeexpectancy": 57.13399999999999,
        "oilperperson": NaN,
        "polityscore": 7.0,
        "relectricperperson": 41.18000321,
        "suicideper100th": 10.93771839,
        "employrate": 73.19999695,
        "urbanrate": 21.6,
        "id": 404
    },
    {
        "country": "Kuwait",
        "incomeperperson": NaN,
        "alcconsumption": 0.1,
        "armedforcesrate": 1.6095482,
        "breastcancerper100th": 31.8,
        "co2emissions": 1712755000.0,
        "femaleemployrate": 42.0,
        "hivrate": NaN,
        "internetuserate": 38.26023355,
        "lifeexpectancy": 74.57600000000001,
        "oilperperson": 6.467567888,
        "polityscore": -7.0,
        "relectricperperson": 8362.567976999999,
        "suicideper100th": 1.498057424,
        "employrate": 65.69999695,
        "urbanrate": 98.36,
        "id": 414
    },
    {
        "country": "Kyrgyzstan",
        "incomeperperson": 372.728414,
        "alcconsumption": 4.72,
        "armedforcesrate": 0.8377678,
        "breastcancerper100th": 23.0,
        "co2emissions": 87970666.67,
        "femaleemployrate": 48.79999924,
        "hivrate": 0.3,
        "internetuserate": 19.58231645,
        "lifeexpectancy": 67.714,
        "oilperperson": NaN,
        "polityscore": 1.0,
        "relectricperperson": 428.31230710000006,
        "suicideper100th": 9.875281,
        "employrate": 58.90000153,
        "urbanrate": 36.28,
        "id": 417
    },
    {
        "country": "Laos",
        "incomeperperson": 554.8798401,
        "alcconsumption": 6.99,
        "armedforcesrate": 4.3015761,
        "breastcancerper100th": 10.9,
        "co2emissions": 21332666.67,
        "femaleemployrate": 78.09999847,
        "hivrate": 0.2,
        "internetuserate": 6.999880342000001,
        "lifeexpectancy": 67.484,
        "oilperperson": NaN,
        "polityscore": -7.0,
        "relectricperperson": NaN,
        "suicideper100th": 26.21919823,
        "employrate": 78.19999695,
        "urbanrate": 30.88,
        "id": 418
    },
    {
        "country": "Latvia",
        "incomeperperson": 5011.219456,
        "alcconsumption": 13.45,
        "armedforcesrate": 1.3164321,
        "breastcancerper100th": 44.3,
        "co2emissions": 125755666.7,
        "femaleemployrate": 50.70000076,
        "hivrate": 0.7,
        "internetuserate": 71.51472354,
        "lifeexpectancy": 73.339,
        "oilperperson": NaN,
        "polityscore": 8.0,
        "relectricperperson": 904.6694454,
        "suicideper100th": 20.36959,
        "employrate": 56.79999924,
        "urbanrate": 68.12,
        "id": 428
    },
    {
        "country": "Lebanon",
        "incomeperperson": 6746.612631999999,
        "alcconsumption": 2.3,
        "armedforcesrate": 5.4065355,
        "breastcancerper100th": 52.5,
        "co2emissions": 428006333.3,
        "femaleemployrate": 22.29999924,
        "hivrate": 0.1,
        "internetuserate": 31.00437828,
        "lifeexpectancy": 72.64,
        "oilperperson": NaN,
        "polityscore": 7.0,
        "relectricperperson": 913.8456602,
        "suicideper100th": 5.83831501,
        "employrate": 46.0,
        "urbanrate": 86.96,
        "id": 422
    },
    {
        "country": "Lesotho",
        "incomeperperson": 495.7342469,
        "alcconsumption": 5.56,
        "armedforcesrate": 0.2176525999999999,
        "breastcancerper100th": 13.1,
        "co2emissions": NaN,
        "femaleemployrate": 49.79999924,
        "hivrate": 23.6,
        "internetuserate": 3.860565398,
        "lifeexpectancy": 48.196000000000005,
        "oilperperson": NaN,
        "polityscore": 8.0,
        "relectricperperson": NaN,
        "suicideper100th": 7.858619213,
        "employrate": 56.29999924,
        "urbanrate": 25.46,
        "id": 426
    },
    {
        "country": "Liberia",
        "incomeperperson": 155.0332312,
        "alcconsumption": 5.07,
        "armedforcesrate": 0.1299529,
        "breastcancerper100th": 18.8,
        "co2emissions": 38991333.33,
        "femaleemployrate": 53.20000076,
        "hivrate": 1.5,
        "internetuserate": 7.000213821,
        "lifeexpectancy": 56.786,
        "oilperperson": NaN,
        "polityscore": 6.0,
        "relectricperperson": NaN,
        "suicideper100th": 7.1848526,
        "employrate": 66.0,
        "urbanrate": 60.14,
        "id": 430
    },
    {
        "country": "Libya",
        "incomeperperson": 7885.468037000001,
        "alcconsumption": 0.1,
        "armedforcesrate": 3.3116742,
        "breastcancerper100th": 23.4,
        "co2emissions": 1414031667.0,
        "femaleemployrate": 23.20000076,
        "hivrate": NaN,
        "internetuserate": 14.00024673,
        "lifeexpectancy": 74.788,
        "oilperperson": NaN,
        "polityscore": -7.0,
        "relectricperperson": 846.0149226,
        "suicideper100th": 4.667024612,
        "employrate": 48.59999847,
        "urbanrate": 77.54,
        "id": 434
    },
    {
        "country": "Lithuania",
        "incomeperperson": 5332.238590999999,
        "alcconsumption": 16.3,
        "armedforcesrate": 1.4878308999999998,
        "breastcancerper100th": 38.5,
        "co2emissions": 226255333.3,
        "femaleemployrate": 48.79999924,
        "hivrate": 0.1,
        "internetuserate": 62.81190001,
        "lifeexpectancy": 72.23100000000001,
        "oilperperson": 0.8123694379999999,
        "polityscore": 10.0,
        "relectricperperson": 758.8587192000001,
        "suicideper100th": 33.34186,
        "employrate": 53.09999847,
        "urbanrate": 66.96,
        "id": 440
    },
    {
        "country": "Luxembourg",
        "incomeperperson": 52301.58718,
        "alcconsumption": 12.84,
        "armedforcesrate": 0.7313361999999999,
        "breastcancerper100th": 82.5,
        "co2emissions": 592012666.7,
        "femaleemployrate": 45.90000153,
        "hivrate": 0.3,
        "internetuserate": 90.07952663,
        "lifeexpectancy": 79.96300000000001,
        "oilperperson": NaN,
        "polityscore": NaN,
        "relectricperperson": 1566.106139,
        "suicideper100th": 12.40591812,
        "employrate": 53.5,
        "urbanrate": 82.44,
        "id": 442
    },
    {
        "country": "Madagascar",
        "incomeperperson": 242.6775342,
        "alcconsumption": 1.32,
        "armedforcesrate": 0.2351846,
        "breastcancerper100th": 19.5,
        "co2emissions": 62777000.0,
        "femaleemployrate": 79.19999695,
        "hivrate": 0.2,
        "internetuserate": 1.699985145,
        "lifeexpectancy": 66.718,
        "oilperperson": NaN,
        "polityscore": 0.0,
        "relectricperperson": NaN,
        "suicideper100th": 5.767406464,
        "employrate": 83.0,
        "urbanrate": 29.52,
        "id": 450
    },
    {
        "country": "Malawi",
        "incomeperperson": 184.1417966,
        "alcconsumption": 1.44,
        "armedforcesrate": 0.1145925,
        "breastcancerper100th": 10.5,
        "co2emissions": 28490000.0,
        "femaleemployrate": 69.0,
        "hivrate": 11.0,
        "internetuserate": 2.259975885,
        "lifeexpectancy": 54.21,
        "oilperperson": NaN,
        "polityscore": 6.0,
        "relectricperperson": NaN,
        "suicideper100th": 10.17173481,
        "employrate": 71.80000305,
        "urbanrate": 18.8,
        "id": 454
    },
    {
        "country": "Malaysia",
        "incomeperperson": 5184.709328,
        "alcconsumption": 0.87,
        "armedforcesrate": 1.1421267,
        "breastcancerper100th": 30.8,
        "co2emissions": 2670950333.0,
        "femaleemployrate": 43.09999847,
        "hivrate": 0.5,
        "internetuserate": 56.30003370000001,
        "lifeexpectancy": 74.221,
        "oilperperson": 0.8908131709999999,
        "polityscore": 6.0,
        "relectricperperson": 767.9703238,
        "suicideper100th": 8.2110672,
        "employrate": 60.5,
        "urbanrate": 70.36,
        "id": 458
    },
    {
        "country": "Mali",
        "incomeperperson": 269.8928811,
        "alcconsumption": 0.99,
        "armedforcesrate": 0.3269778,
        "breastcancerper100th": 18.2,
        "co2emissions": 17515666.67,
        "femaleemployrate": 34.40000153,
        "hivrate": 1.0,
        "internetuserate": 2.699966448,
        "lifeexpectancy": 51.444,
        "oilperperson": NaN,
        "polityscore": 7.0,
        "relectricperperson": NaN,
        "suicideper100th": 8.262892723,
        "employrate": 45.70000076,
        "urbanrate": 32.18,
        "id": 466
    },
    {
        "country": "Mauritania",
        "incomeperperson": 609.1312058999999,
        "alcconsumption": 0.11,
        "armedforcesrate": 1.5512617,
        "breastcancerper100th": 28.1,
        "co2emissions": 56818666.67,
        "femaleemployrate": 45.29999924,
        "hivrate": 0.7,
        "internetuserate": 2.999803179,
        "lifeexpectancy": 58.582,
        "oilperperson": NaN,
        "polityscore": -2.0,
        "relectricperperson": NaN,
        "suicideper100th": 6.882952212999999,
        "employrate": 46.90000153,
        "urbanrate": 41.0,
        "id": 478
    },
    {
        "country": "Mexico",
        "incomeperperson": 6105.280743,
        "alcconsumption": 8.55,
        "armedforcesrate": 0.6123400999999999,
        "breastcancerper100th": 26.4,
        "co2emissions": 13304503667.0,
        "femaleemployrate": 39.59999847,
        "hivrate": 0.3,
        "internetuserate": 31.05001287,
        "lifeexpectancy": 76.954,
        "oilperperson": 0.770566504,
        "polityscore": 8.0,
        "relectricperperson": 431.6253788,
        "suicideper100th": 4.288574,
        "employrate": 57.90000153,
        "urbanrate": 77.2,
        "id": 484
    },
    {
        "country": "Moldova",
        "incomeperperson": 595.8745345,
        "alcconsumption": 23.01,
        "armedforcesrate": 0.5415061999999999,
        "breastcancerper100th": 49.6,
        "co2emissions": 149904333.3,
        "femaleemployrate": 43.59999847,
        "hivrate": 0.4,
        "internetuserate": 40.1222347,
        "lifeexpectancy": 69.317,
        "oilperperson": NaN,
        "polityscore": 8.0,
        "relectricperperson": 304.9401148,
        "suicideper100th": 15.53849,
        "employrate": 44.29999924,
        "urbanrate": 41.76,
        "id": 498
    },
    {
        "country": "Mongolia",
        "incomeperperson": 772.9333448,
        "alcconsumption": 3.41,
        "armedforcesrate": 1.2118685,
        "breastcancerper100th": 6.6,
        "co2emissions": 300934333.3,
        "femaleemployrate": 50.90000153,
        "hivrate": 0.06,
        "internetuserate": 12.90000468,
        "lifeexpectancy": 68.498,
        "oilperperson": NaN,
        "polityscore": 10.0,
        "relectricperperson": 303.8054487,
        "suicideper100th": 13.08961582,
        "employrate": 52.09999847,
        "urbanrate": 57.18,
        "id": 496
    },
    {
        "country": "Montenegro",
        "incomeperperson": 2222.335052,
        "alcconsumption": NaN,
        "armedforcesrate": NaN,
        "breastcancerper100th": NaN,
        "co2emissions": NaN,
        "femaleemployrate": NaN,
        "hivrate": NaN,
        "internetuserate": 51.95803797,
        "lifeexpectancy": 74.57300000000001,
        "oilperperson": NaN,
        "polityscore": 9.0,
        "relectricperperson": NaN,
        "suicideper100th": NaN,
        "employrate": NaN,
        "urbanrate": 60.18,
        "id": 499
    },
    {
        "country": "Morocco",
        "incomeperperson": 1844.351028,
        "alcconsumption": 1.24,
        "armedforcesrate": 2.0858528,
        "breastcancerper100th": 22.5,
        "co2emissions": 953051000.0,
        "femaleemployrate": 22.20000076,
        "hivrate": 0.1,
        "internetuserate": 49.00063184,
        "lifeexpectancy": 72.15,
        "oilperperson": NaN,
        "polityscore": -6.0,
        "relectricperperson": 209.0945173,
        "suicideper100th": 2.109413624,
        "employrate": 46.20000076,
        "urbanrate": 56.02,
        "id": 504
    },
    {
        "country": "Mozambique",
        "incomeperperson": 389.7636343,
        "alcconsumption": 2.27,
        "armedforcesrate": 0.1022692,
        "breastcancerper100th": 3.9,
        "co2emissions": 107096000.0,
        "femaleemployrate": 82.19999695,
        "hivrate": 11.5,
        "internetuserate": 4.170136385,
        "lifeexpectancy": 50.239,
        "oilperperson": NaN,
        "polityscore": 5.0,
        "relectricperperson": 31.3868377,
        "suicideper100th": 10.55037498,
        "employrate": 77.0,
        "urbanrate": 36.84,
        "id": 508
    },
    {
        "country": "Myanmar",
        "incomeperperson": NaN,
        "alcconsumption": 0.58,
        "armedforcesrate": 1.9129653,
        "breastcancerper100th": 20.2,
        "co2emissions": 322960000.0,
        "femaleemployrate": 66.5,
        "hivrate": 0.6,
        "internetuserate": NaN,
        "lifeexpectancy": 65.193,
        "oilperperson": NaN,
        "polityscore": -6.0,
        "relectricperperson": 38.00563737,
        "suicideper100th": 10.11499691,
        "employrate": 74.69999695,
        "urbanrate": 32.58,
        "id": 104
    },
    {
        "country": "Namibia",
        "incomeperperson": 2667.2467100000003,
        "alcconsumption": 12.09,
        "armedforcesrate": 1.9729132,
        "breastcancerper100th": 24.7,
        "co2emissions": 26209333.33,
        "femaleemployrate": 37.29999924,
        "hivrate": 13.1,
        "internetuserate": 6.500822821,
        "lifeexpectancy": 62.465,
        "oilperperson": NaN,
        "polityscore": 6.0,
        "relectricperperson": 0.0,
        "suicideper100th": 8.021969795,
        "employrate": 42.0,
        "urbanrate": 36.84,
        "id": 516
    },
    {
        "country": "Nepal",
        "incomeperperson": 268.2594495,
        "alcconsumption": 2.42,
        "armedforcesrate": 1.0127322,
        "breastcancerper100th": 21.8,
        "co2emissions": 52657000.0,
        "femaleemployrate": 54.59999847,
        "hivrate": 0.4,
        "internetuserate": 7.930096348999999,
        "lifeexpectancy": 68.795,
        "oilperperson": NaN,
        "polityscore": 6.0,
        "relectricperperson": 31.54456397,
        "suicideper100th": 11.65520954,
        "employrate": 61.79999924,
        "urbanrate": 17.24,
        "id": 524
    },
    {
        "country": "Netherlands",
        "incomeperperson": 26551.84424,
        "alcconsumption": 9.75,
        "armedforcesrate": 0.5261262,
        "breastcancerper100th": 86.7,
        "co2emissions": 9483023000.0,
        "femaleemployrate": 54.29999924,
        "hivrate": 0.2,
        "internetuserate": 90.70355509,
        "lifeexpectancy": 80.734,
        "oilperperson": 2.997654606,
        "polityscore": 10.0,
        "relectricperperson": 1490.056909,
        "suicideper100th": 8.164005,
        "employrate": 61.29999924,
        "urbanrate": 81.82,
        "id": 528
    },
    {
        "country": "New Caledonia",
        "incomeperperson": NaN,
        "alcconsumption": NaN,
        "armedforcesrate": NaN,
        "breastcancerper100th": NaN,
        "co2emissions": 90269666.67,
        "femaleemployrate": NaN,
        "hivrate": NaN,
        "internetuserate": NaN,
        "lifeexpectancy": 76.521,
        "oilperperson": NaN,
        "polityscore": NaN,
        "relectricperperson": NaN,
        "suicideper100th": NaN,
        "employrate": NaN,
        "urbanrate": 64.78,
        "id": 540
    },
    {
        "country": "New Zealand",
        "incomeperperson": 14778.16393,
        "alcconsumption": 9.99,
        "armedforcesrate": 0.3891575,
        "breastcancerper100th": 91.9,
        "co2emissions": 1321661000.0,
        "femaleemployrate": 58.29999924,
        "hivrate": 0.1,
        "internetuserate": 83.00258425,
        "lifeexpectancy": 80.654,
        "oilperperson": 1.579621147,
        "polityscore": 10.0,
        "relectricperperson": 2993.0926600000003,
        "suicideper100th": 12.17976,
        "employrate": 65.0,
        "urbanrate": 86.56,
        "id": 554
    },
    {
        "country": "Nicaragua",
        "incomeperperson": 948.355952,
        "alcconsumption": 5.21,
        "armedforcesrate": 0.5265916,
        "breastcancerper100th": 23.9,
        "co2emissions": 109681000.0,
        "femaleemployrate": 36.0,
        "hivrate": 0.2,
        "internetuserate": 9.998554154,
        "lifeexpectancy": 74.044,
        "oilperperson": NaN,
        "polityscore": 9.0,
        "relectricperperson": 126.8265778,
        "suicideper100th": 12.12226868,
        "employrate": 58.79999924,
        "urbanrate": 56.74,
        "id": 558
    },
    {
        "country": "Niger",
        "incomeperperson": 180.083376,
        "alcconsumption": 0.34,
        "armedforcesrate": 0.2177166999999999,
        "breastcancerper100th": 23.3,
        "co2emissions": 30800000.0,
        "femaleemployrate": 38.0,
        "hivrate": 0.8,
        "internetuserate": 0.829997485,
        "lifeexpectancy": 54.675,
        "oilperperson": NaN,
        "polityscore": -3.0,
        "relectricperperson": NaN,
        "suicideper100th": 9.257975578,
        "employrate": 60.40000153,
        "urbanrate": 16.54,
        "id": 562
    },
    {
        "country": "Nigeria",
        "incomeperperson": 544.5994767000001,
        "alcconsumption": 12.72,
        "armedforcesrate": 0.3331952999999999,
        "breastcancerper100th": 31.2,
        "co2emissions": 2386820333.0,
        "femaleemployrate": 36.5,
        "hivrate": 3.6,
        "internetuserate": 28.43003266,
        "lifeexpectancy": 51.879,
        "oilperperson": NaN,
        "polityscore": 4.0,
        "relectricperperson": 74.06424090000002,
        "suicideper100th": 7.631049633,
        "employrate": 50.90000153,
        "urbanrate": 48.36,
        "id": 566
    },
    {
        "country": "Norway",
        "incomeperperson": 39972.35277,
        "alcconsumption": 8.35,
        "armedforcesrate": 0.7205279,
        "breastcancerper100th": 74.8,
        "co2emissions": 1962704333.0,
        "femaleemployrate": 60.90000153,
        "hivrate": 0.1,
        "internetuserate": 93.27750793,
        "lifeexpectancy": 81.097,
        "oilperperson": 2.191226044,
        "polityscore": 10.0,
        "relectricperperson": 7432.130851999999,
        "suicideper100th": 10.823,
        "employrate": 65.0,
        "urbanrate": 77.48,
        "id": 578
    },
    {
        "country": "Oman",
        "incomeperperson": 11191.81101,
        "alcconsumption": 0.92,
        "armedforcesrate": 4.4659976,
        "breastcancerper100th": 13.2,
        "co2emissions": 487993000.0,
        "femaleemployrate": 22.60000038,
        "hivrate": 0.1,
        "internetuserate": 61.98741286,
        "lifeexpectancy": 72.97399999999999,
        "oilperperson": NaN,
        "polityscore": -8.0,
        "relectricperperson": 2124.608816,
        "suicideper100th": 3.716739416,
        "employrate": 50.70000076,
        "urbanrate": 71.62,
        "id": 512
    },
    {
        "country": "Pakistan",
        "incomeperperson": 668.5479429999999,
        "alcconsumption": 0.05,
        "armedforcesrate": 1.6494506999999998,
        "breastcancerper100th": 50.1,
        "co2emissions": 2329308667.0,
        "femaleemployrate": 19.0,
        "hivrate": 0.1,
        "internetuserate": 16.78003702,
        "lifeexpectancy": 65.437,
        "oilperperson": 0.11809206,
        "polityscore": 5.0,
        "relectricperperson": 186.925515,
        "suicideper100th": 12.86981487,
        "employrate": 51.0,
        "urbanrate": 36.16,
        "id": 586
    },
    {
        "country": "Panama",
        "incomeperperson": 5900.616943999999,
        "alcconsumption": 7.3,
        "armedforcesrate": 0.7502103,
        "breastcancerper100th": 29.0,
        "co2emissions": 170404666.7,
        "femaleemployrate": 43.40000153,
        "hivrate": 0.9,
        "internetuserate": 42.74781206,
        "lifeexpectancy": 76.128,
        "oilperperson": NaN,
        "polityscore": 9.0,
        "relectricperperson": 500.2885055,
        "suicideper100th": 6.1052819000000005,
        "employrate": 59.79999924,
        "urbanrate": 73.2,
        "id": 591
    },
    {
        "country": "Papua New Guinea",
        "incomeperperson": 744.2394132000001,
        "alcconsumption": 3.64,
        "armedforcesrate": 0.1051146999999999,
        "breastcancerper100th": 17.3,
        "co2emissions": 88337333.33,
        "femaleemployrate": 68.90000153,
        "hivrate": 0.9,
        "internetuserate": 1.280049647,
        "lifeexpectancy": 62.791,
        "oilperperson": NaN,
        "polityscore": 4.0,
        "relectricperperson": NaN,
        "suicideper100th": 11.95694065,
        "employrate": 70.40000153,
        "urbanrate": 12.54,
        "id": 598
    },
    {
        "country": "Paraguay",
        "incomeperperson": 1621.177078,
        "alcconsumption": 7.91,
        "armedforcesrate": 0.885386,
        "breastcancerper100th": 34.4,
        "co2emissions": 95256333.33,
        "femaleemployrate": 65.30000305,
        "hivrate": 0.3,
        "internetuserate": 19.80168119,
        "lifeexpectancy": 72.477,
        "oilperperson": NaN,
        "polityscore": 8.0,
        "relectricperperson": 528.648051,
        "suicideper100th": 4.409532,
        "employrate": 73.09999847,
        "urbanrate": 60.3,
        "id": 600
    },
    {
        "country": "Peru",
        "incomeperperson": 3180.430612,
        "alcconsumption": 6.53,
        "armedforcesrate": 1.4356332,
        "breastcancerper100th": 35.1,
        "co2emissions": 1146277000.0,
        "femaleemployrate": 59.79999924,
        "hivrate": 0.4,
        "internetuserate": 34.30060399,
        "lifeexpectancy": 73.99,
        "oilperperson": 0.288892973,
        "polityscore": 9.0,
        "relectricperperson": 239.389457,
        "suicideper100th": 1.658907771,
        "employrate": 68.30000305,
        "urbanrate": 71.4,
        "id": 604
    },
    {
        "country": "Philippines",
        "incomeperperson": 1383.401869,
        "alcconsumption": 6.08,
        "armedforcesrate": 0.3880673,
        "breastcancerper100th": 46.6,
        "co2emissions": 2008116000.0,
        "femaleemployrate": 46.79999924,
        "hivrate": 0.06,
        "internetuserate": 24.99994585,
        "lifeexpectancy": 68.749,
        "oilperperson": 0.140466308,
        "polityscore": 8.0,
        "relectricperperson": 179.61518059999997,
        "suicideper100th": 1.922485113,
        "employrate": 61.0,
        "urbanrate": 64.92,
        "id": 608
    },
    {
        "country": "Poland",
        "incomeperperson": 6575.745043999999,
        "alcconsumption": 14.43,
        "armedforcesrate": 0.8101865,
        "breastcancerper100th": 50.3,
        "co2emissions": 23053598333.0,
        "femaleemployrate": 42.09999847,
        "hivrate": 0.1,
        "internetuserate": 62.47123013,
        "lifeexpectancy": 76.126,
        "oilperperson": 0.687102793,
        "polityscore": 10.0,
        "relectricperperson": 704.3997516,
        "suicideper100th": 13.63706,
        "employrate": 48.70000076,
        "urbanrate": 61.32,
        "id": 616
    },
    {
        "country": "Portugal",
        "incomeperperson": 11744.83417,
        "alcconsumption": 13.89,
        "armedforcesrate": 1.616886,
        "breastcancerper100th": 55.5,
        "co2emissions": 1865922667.0,
        "femaleemployrate": 50.59999847,
        "hivrate": 0.6,
        "internetuserate": 51.2804784,
        "lifeexpectancy": 79.499,
        "oilperperson": 1.180264627,
        "polityscore": 10.0,
        "relectricperperson": 1259.392457,
        "suicideper100th": 8.188375472999999,
        "employrate": 57.59999847,
        "urbanrate": 59.46,
        "id": 620
    },
    {
        "country": "Puerto Rico",
        "incomeperperson": 15822.11214,
        "alcconsumption": NaN,
        "armedforcesrate": NaN,
        "breastcancerper100th": 50.4,
        "co2emissions": NaN,
        "femaleemployrate": 34.59999847,
        "hivrate": NaN,
        "internetuserate": 42.69233477,
        "lifeexpectancy": 79.158,
        "oilperperson": NaN,
        "polityscore": NaN,
        "relectricperperson": NaN,
        "suicideper100th": NaN,
        "employrate": 42.40000153,
        "urbanrate": 98.32,
        "id": 630
    },
    {
        "country": "Qatar",
        "incomeperperson": 33931.83208,
        "alcconsumption": 1.29,
        "armedforcesrate": 1.3342359,
        "breastcancerper100th": 33.3,
        "co2emissions": 811965000.0,
        "femaleemployrate": 39.59999847,
        "hivrate": 0.06,
        "internetuserate": 81.59039727,
        "lifeexpectancy": 78.37100000000001,
        "oilperperson": 4.207430892,
        "polityscore": -10.0,
        "relectricperperson": 4759.453844,
        "suicideper100th": 2.515720844,
        "employrate": 76.0,
        "urbanrate": 95.64,
        "id": 634
    },
    {
        "country": "Romania",
        "incomeperperson": 2636.7878,
        "alcconsumption": 16.15,
        "armedforcesrate": 1.5367663,
        "breastcancerper100th": 44.3,
        "co2emissions": 7104137333.0,
        "femaleemployrate": 43.79999924,
        "hivrate": 0.1,
        "internetuserate": 40.02009488,
        "lifeexpectancy": 73.979,
        "oilperperson": 0.423524289,
        "polityscore": 9.0,
        "relectricperperson": 467.5658077,
        "suicideper100th": 10.05932,
        "employrate": 49.5,
        "urbanrate": 54.24,
        "id": 642
    },
    {
        "country": "Russia",
        "incomeperperson": 2923.144355,
        "alcconsumption": 16.23,
        "armedforcesrate": 1.9414459,
        "breastcancerper100th": 38.8,
        "co2emissions": 23404568000.0,
        "femaleemployrate": 53.79999924,
        "hivrate": 1.0,
        "internetuserate": 43.36649772,
        "lifeexpectancy": 68.82300000000001,
        "oilperperson": 1.032469884,
        "polityscore": 4.0,
        "relectricperperson": 825.9411107000001,
        "suicideper100th": 27.87416,
        "employrate": 58.79999924,
        "urbanrate": 72.84,
        "id": 643
    },
    {
        "country": "Rwanda",
        "incomeperperson": 338.2663912,
        "alcconsumption": 9.99,
        "armedforcesrate": 0.7268554,
        "breastcancerper100th": 8.8,
        "co2emissions": 20152000.0,
        "femaleemployrate": 80.5,
        "hivrate": 2.9,
        "internetuserate": 13.00000612,
        "lifeexpectancy": 55.442,
        "oilperperson": NaN,
        "polityscore": -3.0,
        "relectricperperson": NaN,
        "suicideper100th": 13.11794853,
        "employrate": 79.80000305,
        "urbanrate": 18.34,
        "id": 646
    },
    {
        "country": "Saudi Arabia",
        "incomeperperson": 9425.32587,
        "alcconsumption": 0.34,
        "armedforcesrate": 2.6182964,
        "breastcancerper100th": 24.7,
        "co2emissions": 7861553333.0,
        "femaleemployrate": 17.70000076,
        "hivrate": NaN,
        "internetuserate": 41.00012846,
        "lifeexpectancy": 73.911,
        "oilperperson": 4.572267808,
        "polityscore": -10.0,
        "relectricperperson": 3433.9324490000004,
        "suicideper100th": 6.401537895,
        "employrate": 51.20000076,
        "urbanrate": 82.42,
        "id": 682
    },
    {
        "country": "Senegal",
        "incomeperperson": 561.7085847999999,
        "alcconsumption": 0.51,
        "armedforcesrate": 0.3622613,
        "breastcancerper100th": 18.4,
        "co2emissions": 127108666.7,
        "femaleemployrate": 56.90000153,
        "hivrate": 0.9,
        "internetuserate": 15.99964999,
        "lifeexpectancy": 59.318000000000005,
        "oilperperson": NaN,
        "polityscore": 7.0,
        "relectricperperson": 55.79474354,
        "suicideper100th": 6.81143856,
        "employrate": 65.59999847,
        "urbanrate": 42.38,
        "id": 686
    },
    {
        "country": "Serbia",
        "incomeperperson": 1194.711433,
        "alcconsumption": 12.21,
        "armedforcesrate": NaN,
        "breastcancerper100th": NaN,
        "co2emissions": NaN,
        "femaleemployrate": NaN,
        "hivrate": 0.1,
        "internetuserate": 43.05506706,
        "lifeexpectancy": 74.52199999999999,
        "oilperperson": NaN,
        "polityscore": 8.0,
        "relectricperperson": 1387.978521,
        "suicideper100th": 13.71634,
        "employrate": NaN,
        "urbanrate": 52.04,
        "id": 688
    },
    {
        "country": "Sierra Leone",
        "incomeperperson": 268.3317903,
        "alcconsumption": 9.48,
        "armedforcesrate": 0.5235483,
        "breastcancerper100th": 28.1,
        "co2emissions": 29758666.67,
        "femaleemployrate": 63.40000153,
        "hivrate": 1.6,
        "internetuserate": NaN,
        "lifeexpectancy": 47.794,
        "oilperperson": NaN,
        "polityscore": 7.0,
        "relectricperperson": NaN,
        "suicideper100th": 11.98049736,
        "employrate": 63.79999924,
        "urbanrate": 37.76,
        "id": 694
    },
    {
        "country": "Slovenia",
        "incomeperperson": 12729.4544,
        "alcconsumption": 14.94,
        "armedforcesrate": 1.1602817,
        "breastcancerper100th": 58.9,
        "co2emissions": 214368000.0,
        "femaleemployrate": 49.40000153,
        "hivrate": 0.06,
        "internetuserate": 69.33997072,
        "lifeexpectancy": 79.34100000000001,
        "oilperperson": NaN,
        "polityscore": 10.0,
        "relectricperperson": 1585.174739,
        "suicideper100th": 19.42261,
        "employrate": 55.90000153,
        "urbanrate": 48.6,
        "id": 705
    },
    {
        "country": "Somalia",
        "incomeperperson": NaN,
        "alcconsumption": 0.5,
        "armedforcesrate": NaN,
        "breastcancerper100th": 19.5,
        "co2emissions": 16379000.0,
        "femaleemployrate": 50.70000076,
        "hivrate": 0.7,
        "internetuserate": NaN,
        "lifeexpectancy": 51.219,
        "oilperperson": NaN,
        "polityscore": 0.0,
        "relectricperperson": NaN,
        "suicideper100th": 29.86416435,
        "employrate": 66.0,
        "urbanrate": 36.52,
        "id": 706
    },
    {
        "country": "South Africa",
        "incomeperperson": 3745.649852000001,
        "alcconsumption": 10.16,
        "armedforcesrate": 0.3318625999999999,
        "breastcancerper100th": 35.0,
        "co2emissions": 14609848000.0,
        "femaleemployrate": 34.29999924,
        "hivrate": 17.8,
        "internetuserate": 12.33489326,
        "lifeexpectancy": 52.797,
        "oilperperson": 0.5046594529999999,
        "polityscore": 9.0,
        "relectricperperson": 920.1375998,
        "suicideper100th": 15.714571,
        "employrate": 41.09999847,
        "urbanrate": 60.74,
        "id": 710
    },
    {
        "country": "Spain",
        "incomeperperson": 15461.75837,
        "alcconsumption": 11.83,
        "armedforcesrate": 0.9795374,
        "breastcancerper100th": 50.9,
        "co2emissions": 10822529667.0,
        "femaleemployrate": 41.70000076,
        "hivrate": 0.4,
        "internetuserate": 65.80855367,
        "lifeexpectancy": 81.404,
        "oilperperson": 1.616859122,
        "polityscore": 10.0,
        "relectricperperson": 1779.5035100000002,
        "suicideper100th": 5.888479,
        "employrate": 52.5,
        "urbanrate": 77.12,
        "id": 724
    },
    {
        "country": "Sri Lanka",
        "incomeperperson": 1295.742686,
        "alcconsumption": 0.81,
        "armedforcesrate": 2.569643,
        "breastcancerper100th": 23.6,
        "co2emissions": 253854333.3,
        "femaleemployrate": 39.20000076,
        "hivrate": 0.06,
        "internetuserate": 11.99997066,
        "lifeexpectancy": 74.941,
        "oilperperson": NaN,
        "polityscore": 6.0,
        "relectricperperson": 161.0934685,
        "suicideper100th": 28.10404587,
        "employrate": 55.09999847,
        "urbanrate": 15.1,
        "id": 144
    },
    {
        "country": "Sudan",
        "incomeperperson": 523.9501515,
        "alcconsumption": 2.56,
        "armedforcesrate": 0.969499,
        "breastcancerper100th": 22.5,
        "co2emissions": 225019666.7,
        "femaleemployrate": 27.89999962,
        "hivrate": 1.1,
        "internetuserate": NaN,
        "lifeexpectancy": 61.452,
        "oilperperson": NaN,
        "polityscore": -4.0,
        "relectricperperson": 50.89210138,
        "suicideper100th": 9.709555626,
        "employrate": 47.29999924,
        "urbanrate": 43.44,
        "id": 729
    },
    {
        "country": "Suriname",
        "incomeperperson": 2668.020519,
        "alcconsumption": 6.56,
        "armedforcesrate": 1.0584191,
        "breastcancerper100th": 30.0,
        "co2emissions": 86317000.0,
        "femaleemployrate": 30.39999962,
        "hivrate": 1.0,
        "internetuserate": 31.5680976,
        "lifeexpectancy": 70.563,
        "oilperperson": NaN,
        "polityscore": NaN,
        "relectricperperson": NaN,
        "suicideper100th": 20.747430800000004,
        "employrate": 44.70000076,
        "urbanrate": 74.92,
        "id": 740
    },
    {
        "country": "Sweden",
        "incomeperperson": 32292.48298,
        "alcconsumption": 9.5,
        "armedforcesrate": 0.3520917,
        "breastcancerper100th": 87.8,
        "co2emissions": 4286590000.0,
        "femaleemployrate": 56.70000076,
        "hivrate": 0.1,
        "internetuserate": 90.01619002,
        "lifeexpectancy": 81.439,
        "oilperperson": 1.545893802,
        "polityscore": 10.0,
        "relectricperperson": 4304.514402000001,
        "suicideper100th": 11.11583,
        "employrate": 60.70000076,
        "urbanrate": 84.54,
        "id": 752
    },
    {
        "country": "Switzerland",
        "incomeperperson": 37662.75125,
        "alcconsumption": 11.41,
        "armedforcesrate": 0.52422,
        "breastcancerper100th": 81.7,
        "co2emissions": 2406741333.0,
        "femaleemployrate": 57.0,
        "hivrate": 0.4,
        "internetuserate": 82.16665988,
        "lifeexpectancy": 82.338,
        "oilperperson": 1.487412187,
        "polityscore": 10.0,
        "relectricperperson": 2361.033336,
        "suicideper100th": 13.23981,
        "employrate": 64.30000305,
        "urbanrate": 73.48,
        "id": 756
    },
    {
        "country": "Syria",
        "incomeperperson": 1525.780116,
        "alcconsumption": 1.49,
        "armedforcesrate": 5.9558471,
        "breastcancerper100th": 44.8,
        "co2emissions": 1436893333.0,
        "femaleemployrate": 16.70000076,
        "hivrate": NaN,
        "internetuserate": 20.66315568,
        "lifeexpectancy": 75.85,
        "oilperperson": NaN,
        "polityscore": -7.0,
        "relectricperperson": 815.0310909,
        "suicideper100th": 0.5235275629999999,
        "employrate": 44.79999924,
        "urbanrate": 54.22,
        "id": 760
    },
    {
        "country": "Taiwan",
        "incomeperperson": NaN,
        "alcconsumption": NaN,
        "armedforcesrate": NaN,
        "breastcancerper100th": NaN,
        "co2emissions": 5248815000.0,
        "femaleemployrate": 47.09999847,
        "hivrate": NaN,
        "internetuserate": NaN,
        "lifeexpectancy": NaN,
        "oilperperson": 2.006514658,
        "polityscore": 10.0,
        "relectricperperson": 1831.731848,
        "suicideper100th": NaN,
        "employrate": 54.5,
        "urbanrate": NaN,
        "id": 158
    },
    {
        "country": "Tajikistan",
        "incomeperperson": 279.1804526,
        "alcconsumption": 3.39,
        "armedforcesrate": 0.6048733000000001,
        "breastcancerper100th": 13.2,
        "co2emissions": 104170000.0,
        "femaleemployrate": 50.09999847,
        "hivrate": 0.2,
        "internetuserate": 11.54939051,
        "lifeexpectancy": 67.529,
        "oilperperson": NaN,
        "polityscore": -3.0,
        "relectricperperson": 405.7753854,
        "suicideper100th": 2.648980856,
        "employrate": 54.59999847,
        "urbanrate": 26.46,
        "id": 762
    },
    {
        "country": "Tanzania",
        "incomeperperson": 456.3857117,
        "alcconsumption": 7.86,
        "armedforcesrate": 0.1347296,
        "breastcancerper100th": 21.1,
        "co2emissions": 100782000.0,
        "femaleemployrate": 76.09999847,
        "hivrate": 5.6,
        "internetuserate": 11.00005544,
        "lifeexpectancy": 58.199,
        "oilperperson": NaN,
        "polityscore": -1.0,
        "relectricperperson": 38.63450298,
        "suicideper100th": 12.41118145,
        "employrate": 78.19999695,
        "urbanrate": 25.52,
        "id": 834
    },
    {
        "country": "Thailand",
        "incomeperperson": 2712.517199,
        "alcconsumption": 7.08,
        "armedforcesrate": 1.0936515,
        "breastcancerper100th": 16.6,
        "co2emissions": 4200940333.0,
        "femaleemployrate": 65.0,
        "hivrate": 1.3,
        "internetuserate": 21.20007177,
        "lifeexpectancy": 74.126,
        "oilperperson": 0.726249675,
        "polityscore": 4.0,
        "relectricperperson": 439.5897318,
        "suicideper100th": 9.847459793,
        "employrate": 72.0,
        "urbanrate": 33.32,
        "id": 764
    },
    {
        "country": "Timor-Leste",
        "incomeperperson": 369.5729537,
        "alcconsumption": 0.74,
        "armedforcesrate": 0.2342862,
        "breastcancerper100th": NaN,
        "co2emissions": 850666.6667,
        "femaleemployrate": 54.70000076,
        "hivrate": NaN,
        "internetuserate": 0.210066326,
        "lifeexpectancy": 62.475,
        "oilperperson": NaN,
        "polityscore": 7.0,
        "relectricperperson": NaN,
        "suicideper100th": 9.633114815,
        "employrate": 67.30000305,
        "urbanrate": 27.3,
        "id": 626
    },
    {
        "country": "Togo",
        "incomeperperson": 285.2244493,
        "alcconsumption": 1.92,
        "armedforcesrate": 0.3400308,
        "breastcancerper100th": 28.1,
        "co2emissions": 32233666.67,
        "femaleemployrate": 48.40000153,
        "hivrate": 3.2,
        "internetuserate": 5.379819715,
        "lifeexpectancy": 57.062,
        "oilperperson": NaN,
        "polityscore": -4.0,
        "relectricperperson": 66.23852193,
        "suicideper100th": 6.369887829,
        "employrate": 63.90000153,
        "urbanrate": 42.0,
        "id": 768
    },
    {
        "country": "Trinidad and Tobago",
        "incomeperperson": 10480.8172,
        "alcconsumption": 6.16,
        "armedforcesrate": 0.5811649999999999,
        "breastcancerper100th": 51.1,
        "co2emissions": NaN,
        "femaleemployrate": 50.5,
        "hivrate": 1.5,
        "internetuserate": 48.51681767,
        "lifeexpectancy": 70.124,
        "oilperperson": NaN,
        "polityscore": 10.0,
        "relectricperperson": 2261.316713,
        "suicideper100th": 14.54716682,
        "employrate": 61.5,
        "urbanrate": 13.22,
        "id": 780
    },
    {
        "country": "Tunisia",
        "incomeperperson": 3164.927693,
        "alcconsumption": 1.05,
        "armedforcesrate": 1.266624,
        "breastcancerper100th": 19.6,
        "co2emissions": 525891666.7,
        "femaleemployrate": 21.39999962,
        "hivrate": 0.06,
        "internetuserate": 36.56255296,
        "lifeexpectancy": 74.515,
        "oilperperson": NaN,
        "polityscore": -4.0,
        "relectricperperson": 325.8395608,
        "suicideper100th": 3.146814108,
        "employrate": 41.59999847,
        "urbanrate": 66.5,
        "id": 788
    },
    {
        "country": "Turkey",
        "incomeperperson": 5348.597192,
        "alcconsumption": 3.02,
        "armedforcesrate": 2.3794147,
        "breastcancerper100th": 22.0,
        "co2emissions": 5675629667.0,
        "femaleemployrate": 21.89999962,
        "hivrate": 0.06,
        "internetuserate": 39.82017789,
        "lifeexpectancy": 73.979,
        "oilperperson": 0.394489111,
        "polityscore": 7.0,
        "relectricperperson": 550.6966103,
        "suicideper100th": 3.56332469,
        "employrate": 42.79999924,
        "urbanrate": 68.68,
        "id": 792
    },
    {
        "country": "Turkmenistan",
        "incomeperperson": 2062.125152,
        "alcconsumption": 5.0,
        "armedforcesrate": 0.9314175,
        "breastcancerper100th": 17.9,
        "co2emissions": 531303666.7,
        "femaleemployrate": 53.90000153,
        "hivrate": NaN,
        "internetuserate": 2.199997818,
        "lifeexpectancy": 64.986,
        "oilperperson": 1.11067147,
        "polityscore": -9.0,
        "relectricperperson": 351.1665941,
        "suicideper100th": 12.21676922,
        "employrate": 58.5,
        "urbanrate": 48.62,
        "id": 795
    },
    {
        "country": "Uganda",
        "incomeperperson": 377.4211133,
        "alcconsumption": 16.4,
        "armedforcesrate": 0.3445177,
        "breastcancerper100th": 18.3,
        "co2emissions": 49793333.33,
        "femaleemployrate": 80.0,
        "hivrate": 6.5,
        "internetuserate": 12.50025543,
        "lifeexpectancy": 54.11600000000001,
        "oilperperson": NaN,
        "polityscore": -1.0,
        "relectricperperson": NaN,
        "suicideper100th": 12.28912163,
        "employrate": 83.19999695,
        "urbanrate": 12.98,
        "id": 800
    },
    {
        "country": "Ukraine",
        "incomeperperson": 1036.830725,
        "alcconsumption": 17.47,
        "armedforcesrate": 0.9311688,
        "breastcancerper100th": 39.9,
        "co2emissions": 5584766000.0,
        "femaleemployrate": 49.40000153,
        "hivrate": 1.1,
        "internetuserate": 44.58535469,
        "lifeexpectancy": 68.494,
        "oilperperson": 0.255234906,
        "polityscore": 7.0,
        "relectricperperson": 673.584861,
        "suicideper100th": 18.95457,
        "employrate": 54.40000153,
        "urbanrate": 67.98,
        "id": 804
    },
    {
        "country": "United Arab Emirates",
        "incomeperperson": 21087.39412,
        "alcconsumption": 0.52,
        "armedforcesrate": 1.8124763,
        "breastcancerper100th": 24.1,
        "co2emissions": 2315698000.0,
        "femaleemployrate": 37.29999924,
        "hivrate": NaN,
        "internetuserate": 77.99678115,
        "lifeexpectancy": 76.546,
        "oilperperson": 4.299964455,
        "polityscore": -8.0,
        "relectricperperson": 11154.75503,
        "suicideper100th": 1.392950654,
        "employrate": 75.19999695,
        "urbanrate": 77.88,
        "id": 784
    },
    {
        "country": "United Kingdom",
        "incomeperperson": 28033.48928,
        "alcconsumption": 13.24,
        "armedforcesrate": 0.5080180999999999,
        "breastcancerper100th": 87.2,
        "co2emissions": 72524250333.0,
        "femaleemployrate": 53.09999847,
        "hivrate": 0.2,
        "internetuserate": 84.73170475,
        "lifeexpectancy": 80.17,
        "oilperperson": 1.188028094,
        "polityscore": 10.0,
        "relectricperperson": 1933.945615,
        "suicideper100th": 6.014659,
        "employrate": 59.29999924,
        "urbanrate": 89.94,
        "id": 826
    },
    {
        "country": "Uruguay",
        "incomeperperson": 9106.327234,
        "alcconsumption": 8.99,
        "armedforcesrate": 1.5793413,
        "breastcancerper100th": 83.1,
        "co2emissions": 275744333.3,
        "femaleemployrate": 46.0,
        "hivrate": 0.5,
        "internetuserate": 47.86746863,
        "lifeexpectancy": 77.005,
        "oilperperson": NaN,
        "polityscore": 10.0,
        "relectricperperson": 823.8231975,
        "suicideper100th": 14.53727,
        "employrate": 57.5,
        "urbanrate": 92.3,
        "id": 858
    },
    {
        "country": "Uzbekistan",
        "incomeperperson": 952.8272608,
        "alcconsumption": 3.61,
        "armedforcesrate": 0.7096295,
        "breastcancerper100th": 17.3,
        "co2emissions": 1718339333.0,
        "femaleemployrate": 52.59999847,
        "hivrate": 0.1,
        "internetuserate": 19.44502055,
        "lifeexpectancy": 68.28699999999999,
        "oilperperson": 0.182184525,
        "polityscore": -9.0,
        "relectricperperson": 261.4339532,
        "suicideper100th": 5.21372,
        "employrate": 57.5,
        "urbanrate": 36.82,
        "id": 860
    },
    {
        "country": "Vanuatu",
        "incomeperperson": 1543.956457,
        "alcconsumption": 0.96,
        "armedforcesrate": NaN,
        "breastcancerper100th": 24.0,
        "co2emissions": 2977333.333,
        "femaleemployrate": NaN,
        "hivrate": NaN,
        "internetuserate": 7.988366667,
        "lifeexpectancy": 71.017,
        "oilperperson": NaN,
        "polityscore": NaN,
        "relectricperperson": NaN,
        "suicideper100th": 4.983421803,
        "employrate": NaN,
        "urbanrate": 24.76,
        "id": 548
    },
    {
        "country": "Venezuela",
        "incomeperperson": 5528.363114,
        "alcconsumption": 7.6,
        "armedforcesrate": 0.9040245,
        "breastcancerper100th": 34.3,
        "co2emissions": 5418886000.0,
        "femaleemployrate": 45.79999924,
        "hivrate": NaN,
        "internetuserate": 35.85043696,
        "lifeexpectancy": 74.402,
        "oilperperson": 1.214636773,
        "polityscore": -3.0,
        "relectricperperson": 969.0043388,
        "suicideper100th": 4.119619999999999,
        "employrate": 59.90000153,
        "urbanrate": 93.32,
        "id": 862
    },
    {
        "country": "Vietnam",
        "incomeperperson": 722.8075587999999,
        "alcconsumption": 3.91,
        "armedforcesrate": 1.0853671,
        "breastcancerper100th": 16.2,
        "co2emissions": 1425435000.0,
        "femaleemployrate": 67.59999847,
        "hivrate": 0.4,
        "internetuserate": 27.85182156,
        "lifeexpectancy": 75.181,
        "oilperperson": NaN,
        "polityscore": -7.0,
        "relectricperperson": 302.7256547,
        "suicideper100th": 11.65332222,
        "employrate": 71.0,
        "urbanrate": 27.84,
        "id": 704
    },
    {
        "country": "Zambia",
        "incomeperperson": 432.226337,
        "alcconsumption": 3.56,
        "armedforcesrate": 0.3413352,
        "breastcancerper100th": 13.0,
        "co2emissions": 132025666.7,
        "femaleemployrate": 53.5,
        "hivrate": 13.5,
        "internetuserate": 10.12498646,
        "lifeexpectancy": 49.025,
        "oilperperson": NaN,
        "polityscore": 7.0,
        "relectricperperson": 168.6230305,
        "suicideper100th": 12.01903629,
        "employrate": 61.0,
        "urbanrate": 35.42,
        "id": 894
    },
    {
        "country": "Zimbabwe",
        "incomeperperson": 320.7718899,
        "alcconsumption": 4.96,
        "armedforcesrate": 1.0327854,
        "breastcancerper100th": 19.0,
        "co2emissions": 590219666.7,
        "femaleemployrate": 58.09999847,
        "hivrate": 14.3,
        "internetuserate": 11.50041532,
        "lifeexpectancy": 51.38399999999999,
        "oilperperson": NaN,
        "polityscore": 1.0,
        "relectricperperson": 297.8832004,
        "suicideper100th": 13.90526676,
        "employrate": 66.80000305,
        "urbanrate": 37.34,
        "id": 716
    }
]