[
    {
        "Country": "Afghanistan",
        "AQI Value": 95.96,
        "CO AQI Value": 0.59,
        "Ozone AQI Value": 40.18,
        "NO2 AQI Value": 0.02,
        "PM2.5 AQI Value": 95.92,
        "Year": 2019
    },
    {
        "Country": "Albania",
        "AQI Value": 68.25,
        "CO AQI Value": 1.0,
        "Ozone AQI Value": 42.06,
        "NO2 AQI Value": 0.72,
        "PM2.5 AQI Value": 68.09,
        "Year": 2019
    },
    {
        "Country": "Algeria",
        "AQI Value": 88.17,
        "CO AQI Value": 1.92,
        "Ozone AQI Value": 47.17,
        "NO2 AQI Value": 9.33,
        "PM2.5 AQI Value": 80.25,
        "Year": 2019
    },
    {
        "Country": "Andorra",
        "AQI Value": 29.33,
        "CO AQI Value": 0.67,
        "Ozone AQI Value": 29.33,
        "NO2 AQI Value": 0.0,
        "PM2.5 AQI Value": 22.0,
        "Year": 2019
    },
    {
        "Country": "Angola",
        "AQI Value": 83.93,
        "CO AQI Value": 3.15,
        "Ozone AQI Value": 22.7,
        "NO2 AQI Value": 1.89,
        "PM2.5 AQI Value": 81.93,
        "Year": 2019
    },
    {
        "Country": "Argentina",
        "AQI Value": 28.24,
        "CO AQI Value": 0.35,
        "Ozone AQI Value": 15.49,
        "NO2 AQI Value": 1.54,
        "PM2.5 AQI Value": 24.87,
        "Year": 2019
    },
    {
        "Country": "Armenia",
        "AQI Value": 53.64,
        "CO AQI Value": 0.86,
        "Ozone AQI Value": 34.36,
        "NO2 AQI Value": 0.09,
        "PM2.5 AQI Value": 52.59,
        "Year": 2019
    },
    {
        "Country": "Aruba",
        "AQI Value": 163.0,
        "CO AQI Value": 0.0,
        "Ozone AQI Value": 23.0,
        "NO2 AQI Value": 0.0,
        "PM2.5 AQI Value": 163.0,
        "Year": 2019
    },
    {
        "Country": "Australia",
        "AQI Value": 33.6,
        "CO AQI Value": 0.21,
        "Ozone AQI Value": 22.06,
        "NO2 AQI Value": 3.12,
        "PM2.5 AQI Value": 27.36,
        "Year": 2019
    },
    {
        "Country": "Austria",
        "AQI Value": 53.72,
        "CO AQI Value": 0.94,
        "Ozone AQI Value": 35.97,
        "NO2 AQI Value": 1.1,
        "PM2.5 AQI Value": 52.35,
        "Year": 2019
    },
    {
        "Country": "Azerbaijan",
        "AQI Value": 58.76,
        "CO AQI Value": 1.0,
        "Ozone AQI Value": 37.29,
        "NO2 AQI Value": 0.0,
        "PM2.5 AQI Value": 57.5,
        "Year": 2019
    },
    {
        "Country": "Bahrain",
        "AQI Value": 188.0,
        "CO AQI Value": 2.0,
        "Ozone AQI Value": 127.0,
        "NO2 AQI Value": 3.0,
        "PM2.5 AQI Value": 188.0,
        "Year": 2019
    },
    {
        "Country": "Bangladesh",
        "AQI Value": 113.46,
        "CO AQI Value": 2.44,
        "Ozone AQI Value": 46.2,
        "NO2 AQI Value": 3.04,
        "PM2.5 AQI Value": 112.79,
        "Year": 2019
    },
    {
        "Country": "Barbados",
        "AQI Value": 73.0,
        "CO AQI Value": 0.0,
        "Ozone AQI Value": 24.0,
        "NO2 AQI Value": 0.0,
        "PM2.5 AQI Value": 73.0,
        "Year": 2019
    },
    {
        "Country": "Belarus",
        "AQI Value": 38.45,
        "CO AQI Value": 0.91,
        "Ozone AQI Value": 33.45,
        "NO2 AQI Value": 0.32,
        "PM2.5 AQI Value": 28.59,
        "Year": 2019
    },
    {
        "Country": "Belgium",
        "AQI Value": 44.58,
        "CO AQI Value": 0.93,
        "Ozone AQI Value": 30.13,
        "NO2 AQI Value": 3.24,
        "PM2.5 AQI Value": 44.51,
        "Year": 2019
    },
    {
        "Country": "Belize",
        "AQI Value": 46.33,
        "CO AQI Value": 1.0,
        "Ozone AQI Value": 24.0,
        "NO2 AQI Value": 0.0,
        "PM2.5 AQI Value": 45.33,
        "Year": 2019
    },
    {
        "Country": "Benin",
        "AQI Value": 67.11,
        "CO AQI Value": 1.56,
        "Ozone AQI Value": 19.93,
        "NO2 AQI Value": 0.81,
        "PM2.5 AQI Value": 67.11,
        "Year": 2019
    },
    {
        "Country": "Bhutan",
        "AQI Value": 26.0,
        "CO AQI Value": 1.0,
        "Ozone AQI Value": 21.0,
        "NO2 AQI Value": 0.0,
        "PM2.5 AQI Value": 26.0,
        "Year": 2019
    },
    {
        "Country": "Bolivia",
        "AQI Value": 23.79,
        "CO AQI Value": 0.48,
        "Ozone AQI Value": 8.33,
        "NO2 AQI Value": 0.21,
        "PM2.5 AQI Value": 23.24,
        "Year": 2019
    },
    {
        "Country": "Bosnia and Herzegovina",
        "AQI Value": 60.56,
        "CO AQI Value": 1.0,
        "Ozone AQI Value": 36.56,
        "NO2 AQI Value": 0.17,
        "PM2.5 AQI Value": 60.08,
        "Year": 2019
    },
    {
        "Country": "Botswana",
        "AQI Value": 43.58,
        "CO AQI Value": 0.84,
        "Ozone AQI Value": 20.37,
        "NO2 AQI Value": 0.42,
        "PM2.5 AQI Value": 42.32,
        "Year": 2019
    },
    {
        "Country": "Brazil",
        "AQI Value": 44.57,
        "CO AQI Value": 1.0,
        "Ozone AQI Value": 12.48,
        "NO2 AQI Value": 2.27,
        "PM2.5 AQI Value": 44.02,
        "Year": 2019
    },
    {
        "Country": "Bulgaria",
        "AQI Value": 54.26,
        "CO AQI Value": 1.03,
        "Ozone AQI Value": 40.77,
        "NO2 AQI Value": 0.71,
        "PM2.5 AQI Value": 51.12,
        "Year": 2019
    },
    {
        "Country": "Burkina Faso",
        "AQI Value": 51.59,
        "CO AQI Value": 1.15,
        "Ozone AQI Value": 19.06,
        "NO2 AQI Value": 0.44,
        "PM2.5 AQI Value": 51.59,
        "Year": 2019
    },
    {
        "Country": "Burundi",
        "AQI Value": 62.69,
        "CO AQI Value": 2.62,
        "Ozone AQI Value": 21.38,
        "NO2 AQI Value": 0.69,
        "PM2.5 AQI Value": 62.69,
        "Year": 2019
    },
    {
        "Country": "Cabo Verde",
        "AQI Value": 38.0,
        "CO AQI Value": 0.0,
        "Ozone AQI Value": 38.0,
        "NO2 AQI Value": 0.0,
        "PM2.5 AQI Value": 27.0,
        "Year": 2019
    },
    {
        "Country": "Cambodia",
        "AQI Value": 45.25,
        "CO AQI Value": 0.58,
        "Ozone AQI Value": 21.5,
        "NO2 AQI Value": 0.42,
        "PM2.5 AQI Value": 45.25,
        "Year": 2019
    },
    {
        "Country": "Cameroon",
        "AQI Value": 69.02,
        "CO AQI Value": 2.33,
        "Ozone AQI Value": 17.05,
        "NO2 AQI Value": 0.42,
        "PM2.5 AQI Value": 69.02,
        "Year": 2019
    },
    {
        "Country": "Canada",
        "AQI Value": 43.26,
        "CO AQI Value": 1.06,
        "Ozone AQI Value": 27.28,
        "NO2 AQI Value": 2.58,
        "PM2.5 AQI Value": 38.91,
        "Year": 2019
    },
    {
        "Country": "Central African Republic",
        "AQI Value": 64.17,
        "CO AQI Value": 2.0,
        "Ozone AQI Value": 12.23,
        "NO2 AQI Value": 0.0,
        "PM2.5 AQI Value": 64.17,
        "Year": 2019
    },
    {
        "Country": "Chad",
        "AQI Value": 75.33,
        "CO AQI Value": 1.58,
        "Ozone AQI Value": 19.21,
        "NO2 AQI Value": 0.15,
        "PM2.5 AQI Value": 75.33,
        "Year": 2019
    },
    {
        "Country": "Chile",
        "AQI Value": 87.85,
        "CO AQI Value": 3.8,
        "Ozone AQI Value": 10.05,
        "NO2 AQI Value": 8.59,
        "PM2.5 AQI Value": 87.06,
        "Year": 2019
    },
    {
        "Country": "China",
        "AQI Value": 126.95,
        "CO AQI Value": 3.42,
        "Ozone AQI Value": 88.32,
        "NO2 AQI Value": 7.09,
        "PM2.5 AQI Value": 111.7,
        "Year": 2019
    },
    {
        "Country": "Colombia",
        "AQI Value": 66.07,
        "CO AQI Value": 1.7,
        "Ozone AQI Value": 9.78,
        "NO2 AQI Value": 3.4,
        "PM2.5 AQI Value": 66.02,
        "Year": 2019
    },
    {
        "Country": "Comoros",
        "AQI Value": 33.0,
        "CO AQI Value": 0.0,
        "Ozone AQI Value": 27.33,
        "NO2 AQI Value": 0.0,
        "PM2.5 AQI Value": 32.0,
        "Year": 2019
    },
    {
        "Country": "Congo",
        "AQI Value": 87.58,
        "CO AQI Value": 2.58,
        "Ozone AQI Value": 23.83,
        "NO2 AQI Value": 0.33,
        "PM2.5 AQI Value": 87.58,
        "Year": 2019
    },
    {
        "Country": "Costa Rica",
        "AQI Value": 58.82,
        "CO AQI Value": 1.5,
        "Ozone AQI Value": 12.45,
        "NO2 AQI Value": 6.92,
        "PM2.5 AQI Value": 58.82,
        "Year": 2019
    },
    {
        "Country": "Croatia",
        "AQI Value": 57.94,
        "CO AQI Value": 1.03,
        "Ozone AQI Value": 42.68,
        "NO2 AQI Value": 0.61,
        "PM2.5 AQI Value": 52.9,
        "Year": 2019
    },
    {
        "Country": "Cuba",
        "AQI Value": 63.07,
        "CO AQI Value": 0.93,
        "Ozone AQI Value": 24.82,
        "NO2 AQI Value": 1.87,
        "PM2.5 AQI Value": 61.87,
        "Year": 2019
    },
    {
        "Country": "Cyprus",
        "AQI Value": 50.83,
        "CO AQI Value": 1.0,
        "Ozone AQI Value": 50.67,
        "NO2 AQI Value": 0.17,
        "PM2.5 AQI Value": 35.33,
        "Year": 2019
    },
    {
        "Country": "Czechia",
        "AQI Value": 60.91,
        "CO AQI Value": 0.94,
        "Ozone AQI Value": 35.65,
        "NO2 AQI Value": 1.79,
        "PM2.5 AQI Value": 60.62,
        "Year": 2019
    },
    {
        "Country": "C\u00f4te d'Ivoire",
        "AQI Value": 53.28,
        "CO AQI Value": 1.4,
        "Ozone AQI Value": 16.27,
        "NO2 AQI Value": 0.36,
        "PM2.5 AQI Value": 53.28,
        "Year": 2019
    },
    {
        "Country": "Democratic Republic of the Congo",
        "AQI Value": 114.81,
        "CO AQI Value": 5.29,
        "Ozone AQI Value": 27.14,
        "NO2 AQI Value": 1.93,
        "PM2.5 AQI Value": 114.27,
        "Year": 2019
    },
    {
        "Country": "Denmark",
        "AQI Value": 38.02,
        "CO AQI Value": 0.5,
        "Ozone AQI Value": 35.83,
        "NO2 AQI Value": 0.55,
        "PM2.5 AQI Value": 27.4,
        "Year": 2019
    },
    {
        "Country": "Dominican Republic",
        "AQI Value": 108.08,
        "CO AQI Value": 1.82,
        "Ozone AQI Value": 17.63,
        "NO2 AQI Value": 6.97,
        "PM2.5 AQI Value": 108.08,
        "Year": 2019
    },
    {
        "Country": "Ecuador",
        "AQI Value": 45.33,
        "CO AQI Value": 1.15,
        "Ozone AQI Value": 10.67,
        "NO2 AQI Value": 2.64,
        "PM2.5 AQI Value": 45.26,
        "Year": 2019
    },
    {
        "Country": "Egypt",
        "AQI Value": 101.65,
        "CO AQI Value": 1.42,
        "Ozone AQI Value": 68.08,
        "NO2 AQI Value": 2.58,
        "PM2.5 AQI Value": 95.75,
        "Year": 2019
    },
    {
        "Country": "El Salvador",
        "AQI Value": 97.36,
        "CO AQI Value": 2.58,
        "Ozone AQI Value": 13.64,
        "NO2 AQI Value": 9.39,
        "PM2.5 AQI Value": 97.36,
        "Year": 2019
    },
    {
        "Country": "Equatorial Guinea",
        "AQI Value": 45.25,
        "CO AQI Value": 1.25,
        "Ozone AQI Value": 24.0,
        "NO2 AQI Value": 0.0,
        "PM2.5 AQI Value": 45.25,
        "Year": 2019
    },
    {
        "Country": "Eritrea",
        "AQI Value": 99.2,
        "CO AQI Value": 1.0,
        "Ozone AQI Value": 31.4,
        "NO2 AQI Value": 0.0,
        "PM2.5 AQI Value": 99.2,
        "Year": 2019
    },
    {
        "Country": "Estonia",
        "AQI Value": 38.83,
        "CO AQI Value": 1.17,
        "Ozone AQI Value": 31.75,
        "NO2 AQI Value": 1.25,
        "PM2.5 AQI Value": 28.08,
        "Year": 2019
    },
    {
        "Country": "Ethiopia",
        "AQI Value": 78.73,
        "CO AQI Value": 0.98,
        "Ozone AQI Value": 21.61,
        "NO2 AQI Value": 0.05,
        "PM2.5 AQI Value": 78.73,
        "Year": 2019
    },
    {
        "Country": "Finland",
        "AQI Value": 38.37,
        "CO AQI Value": 1.07,
        "Ozone AQI Value": 31.69,
        "NO2 AQI Value": 1.86,
        "PM2.5 AQI Value": 21.63,
        "Year": 2019
    },
    {
        "Country": "France",
        "AQI Value": 53.34,
        "CO AQI Value": 1.01,
        "Ozone AQI Value": 30.5,
        "NO2 AQI Value": 2.64,
        "PM2.5 AQI Value": 51.46,
        "Year": 2019
    },
    {
        "Country": "Gabon",
        "AQI Value": 78.1,
        "CO AQI Value": 1.5,
        "Ozone AQI Value": 24.3,
        "NO2 AQI Value": 0.1,
        "PM2.5 AQI Value": 78.1,
        "Year": 2019
    },
    {
        "Country": "Gambia",
        "AQI Value": 147.0,
        "CO AQI Value": 1.0,
        "Ozone AQI Value": 24.0,
        "NO2 AQI Value": 0.67,
        "PM2.5 AQI Value": 147.0,
        "Year": 2019
    },
    {
        "Country": "Georgia",
        "AQI Value": 40.6,
        "CO AQI Value": 0.95,
        "Ozone AQI Value": 33.8,
        "NO2 AQI Value": 0.0,
        "PM2.5 AQI Value": 35.85,
        "Year": 2019
    },
    {
        "Country": "Germany",
        "AQI Value": 48.25,
        "CO AQI Value": 0.82,
        "Ozone AQI Value": 35.52,
        "NO2 AQI Value": 1.99,
        "PM2.5 AQI Value": 46.23,
        "Year": 2019
    },
    {
        "Country": "Ghana",
        "AQI Value": 62.79,
        "CO AQI Value": 1.29,
        "Ozone AQI Value": 18.0,
        "NO2 AQI Value": 0.5,
        "PM2.5 AQI Value": 62.79,
        "Year": 2019
    },
    {
        "Country": "Greece",
        "AQI Value": 68.29,
        "CO AQI Value": 1.12,
        "Ozone AQI Value": 43.2,
        "NO2 AQI Value": 2.21,
        "PM2.5 AQI Value": 65.4,
        "Year": 2019
    },
    {
        "Country": "Guatemala",
        "AQI Value": 80.95,
        "CO AQI Value": 2.33,
        "Ozone AQI Value": 11.16,
        "NO2 AQI Value": 6.84,
        "PM2.5 AQI Value": 80.95,
        "Year": 2019
    },
    {
        "Country": "Guinea",
        "AQI Value": 62.48,
        "CO AQI Value": 1.19,
        "Ozone AQI Value": 17.95,
        "NO2 AQI Value": 0.1,
        "PM2.5 AQI Value": 62.48,
        "Year": 2019
    },
    {
        "Country": "Guinea-Bissau",
        "AQI Value": 138.75,
        "CO AQI Value": 1.25,
        "Ozone AQI Value": 26.5,
        "NO2 AQI Value": 0.5,
        "PM2.5 AQI Value": 138.75,
        "Year": 2019
    },
    {
        "Country": "Guyana",
        "AQI Value": 45.5,
        "CO AQI Value": 0.5,
        "Ozone AQI Value": 16.75,
        "NO2 AQI Value": 0.0,
        "PM2.5 AQI Value": 45.5,
        "Year": 2019
    },
    {
        "Country": "Haiti",
        "AQI Value": 101.72,
        "CO AQI Value": 1.72,
        "Ozone AQI Value": 22.94,
        "NO2 AQI Value": 3.56,
        "PM2.5 AQI Value": 101.72,
        "Year": 2019
    },
    {
        "Country": "Honduras",
        "AQI Value": 63.43,
        "CO AQI Value": 1.25,
        "Ozone AQI Value": 10.79,
        "NO2 AQI Value": 2.25,
        "PM2.5 AQI Value": 63.43,
        "Year": 2019
    },
    {
        "Country": "Hungary",
        "AQI Value": 63.61,
        "CO AQI Value": 1.0,
        "Ozone AQI Value": 40.9,
        "NO2 AQI Value": 1.21,
        "PM2.5 AQI Value": 62.54,
        "Year": 2019
    },
    {
        "Country": "Iceland",
        "AQI Value": 23.0,
        "CO AQI Value": 1.0,
        "Ozone AQI Value": 23.0,
        "NO2 AQI Value": 0.0,
        "PM2.5 AQI Value": 18.33,
        "Year": 2019
    },
    {
        "Country": "India",
        "AQI Value": 152.96,
        "CO AQI Value": 1.74,
        "Ozone AQI Value": 55.06,
        "NO2 AQI Value": 1.97,
        "PM2.5 AQI Value": 149.46,
        "Year": 2019
    },
    {
        "Country": "Indonesia",
        "AQI Value": 93.04,
        "CO AQI Value": 2.42,
        "Ozone AQI Value": 46.57,
        "NO2 AQI Value": 3.74,
        "PM2.5 AQI Value": 90.83,
        "Year": 2019
    },
    {
        "Country": "Iran",
        "AQI Value": 108.3,
        "CO AQI Value": 1.15,
        "Ozone AQI Value": 61.75,
        "NO2 AQI Value": 0.66,
        "PM2.5 AQI Value": 105.23,
        "Year": 2019
    },
    {
        "Country": "Iraq",
        "AQI Value": 114.07,
        "CO AQI Value": 1.21,
        "Ozone AQI Value": 69.71,
        "NO2 AQI Value": 1.14,
        "PM2.5 AQI Value": 108.07,
        "Year": 2019
    },
    {
        "Country": "Ireland",
        "AQI Value": 40.23,
        "CO AQI Value": 0.81,
        "Ozone AQI Value": 33.55,
        "NO2 AQI Value": 0.81,
        "PM2.5 AQI Value": 34.97,
        "Year": 2019
    },
    {
        "Country": "Israel",
        "AQI Value": 87.4,
        "CO AQI Value": 1.57,
        "Ozone AQI Value": 47.36,
        "NO2 AQI Value": 6.15,
        "PM2.5 AQI Value": 87.4,
        "Year": 2019
    },
    {
        "Country": "Italy",
        "AQI Value": 62.0,
        "CO AQI Value": 1.13,
        "Ozone AQI Value": 43.82,
        "NO2 AQI Value": 2.35,
        "PM2.5 AQI Value": 56.31,
        "Year": 2019
    },
    {
        "Country": "Jamaica",
        "AQI Value": 90.67,
        "CO AQI Value": 1.0,
        "Ozone AQI Value": 20.0,
        "NO2 AQI Value": 3.33,
        "PM2.5 AQI Value": 90.67,
        "Year": 2019
    },
    {
        "Country": "Japan",
        "AQI Value": 51.72,
        "CO AQI Value": 1.16,
        "Ozone AQI Value": 39.63,
        "NO2 AQI Value": 3.51,
        "PM2.5 AQI Value": 41.5,
        "Year": 2019
    },
    {
        "Country": "Jordan",
        "AQI Value": 96.83,
        "CO AQI Value": 1.42,
        "Ozone AQI Value": 56.17,
        "NO2 AQI Value": 3.58,
        "PM2.5 AQI Value": 95.83,
        "Year": 2019
    },
    {
        "Country": "Kazakhstan",
        "AQI Value": 61.21,
        "CO AQI Value": 1.01,
        "Ozone AQI Value": 35.8,
        "NO2 AQI Value": 0.45,
        "PM2.5 AQI Value": 57.52,
        "Year": 2019
    },
    {
        "Country": "Kenya",
        "AQI Value": 74.17,
        "CO AQI Value": 2.37,
        "Ozone AQI Value": 21.3,
        "NO2 AQI Value": 1.03,
        "PM2.5 AQI Value": 74.03,
        "Year": 2019
    },
    {
        "Country": "Kingdom of Eswatini",
        "AQI Value": 119.33,
        "CO AQI Value": 4.67,
        "Ozone AQI Value": 15.67,
        "NO2 AQI Value": 3.33,
        "PM2.5 AQI Value": 119.33,
        "Year": 2019
    },
    {
        "Country": "Kuwait",
        "AQI Value": 162.0,
        "CO AQI Value": 2.67,
        "Ozone AQI Value": 135.67,
        "NO2 AQI Value": 13.67,
        "PM2.5 AQI Value": 162.0,
        "Year": 2019
    },
    {
        "Country": "Kyrgyzstan",
        "AQI Value": 81.54,
        "CO AQI Value": 0.46,
        "Ozone AQI Value": 38.62,
        "NO2 AQI Value": 0.23,
        "PM2.5 AQI Value": 81.54,
        "Year": 2019
    },
    {
        "Country": "Lao People's Democratic Republic",
        "AQI Value": 43.5,
        "CO AQI Value": 0.62,
        "Ozone AQI Value": 19.25,
        "NO2 AQI Value": 0.62,
        "PM2.5 AQI Value": 43.5,
        "Year": 2019
    },
    {
        "Country": "Latvia",
        "AQI Value": 39.91,
        "CO AQI Value": 1.05,
        "Ozone AQI Value": 32.91,
        "NO2 AQI Value": 0.23,
        "PM2.5 AQI Value": 35.77,
        "Year": 2019
    },
    {
        "Country": "Lebanon",
        "AQI Value": 72.0,
        "CO AQI Value": 1.33,
        "Ozone AQI Value": 46.5,
        "NO2 AQI Value": 2.5,
        "PM2.5 AQI Value": 72.0,
        "Year": 2019
    },
    {
        "Country": "Lesotho",
        "AQI Value": 89.6,
        "CO AQI Value": 2.8,
        "Ozone AQI Value": 14.0,
        "NO2 AQI Value": 2.8,
        "PM2.5 AQI Value": 89.6,
        "Year": 2019
    },
    {
        "Country": "Liberia",
        "AQI Value": 38.0,
        "CO AQI Value": 0.67,
        "Ozone AQI Value": 18.0,
        "NO2 AQI Value": 0.0,
        "PM2.5 AQI Value": 37.56,
        "Year": 2019
    },
    {
        "Country": "Libya",
        "AQI Value": 105.4,
        "CO AQI Value": 1.0,
        "Ozone AQI Value": 42.48,
        "NO2 AQI Value": 0.36,
        "PM2.5 AQI Value": 102.6,
        "Year": 2019
    },
    {
        "Country": "Lithuania",
        "AQI Value": 38.13,
        "CO AQI Value": 0.84,
        "Ozone AQI Value": 33.74,
        "NO2 AQI Value": 0.16,
        "PM2.5 AQI Value": 33.39,
        "Year": 2019
    },
    {
        "Country": "Luxembourg",
        "AQI Value": 44.5,
        "CO AQI Value": 1.0,
        "Ozone AQI Value": 38.0,
        "NO2 AQI Value": 1.0,
        "PM2.5 AQI Value": 43.0,
        "Year": 2019
    },
    {
        "Country": "Madagascar",
        "AQI Value": 30.95,
        "CO AQI Value": 0.42,
        "Ozone AQI Value": 21.26,
        "NO2 AQI Value": 0.02,
        "PM2.5 AQI Value": 26.31,
        "Year": 2019
    },
    {
        "Country": "Malawi",
        "AQI Value": 47.33,
        "CO AQI Value": 0.81,
        "Ozone AQI Value": 20.67,
        "NO2 AQI Value": 0.0,
        "PM2.5 AQI Value": 47.24,
        "Year": 2019
    },
    {
        "Country": "Malaysia",
        "AQI Value": 81.62,
        "CO AQI Value": 2.23,
        "Ozone AQI Value": 36.5,
        "NO2 AQI Value": 2.34,
        "PM2.5 AQI Value": 80.81,
        "Year": 2019
    },
    {
        "Country": "Maldives",
        "AQI Value": 19.0,
        "CO AQI Value": 0.0,
        "Ozone AQI Value": 19.0,
        "NO2 AQI Value": 0.0,
        "PM2.5 AQI Value": 15.0,
        "Year": 2019
    },
    {
        "Country": "Mali",
        "AQI Value": 83.16,
        "CO AQI Value": 1.04,
        "Ozone AQI Value": 20.64,
        "NO2 AQI Value": 0.4,
        "PM2.5 AQI Value": 83.16,
        "Year": 2019
    },
    {
        "Country": "Malta",
        "AQI Value": 51.36,
        "CO AQI Value": 1.0,
        "Ozone AQI Value": 49.73,
        "NO2 AQI Value": 0.82,
        "PM2.5 AQI Value": 39.82,
        "Year": 2019
    },
    {
        "Country": "Mauritania",
        "AQI Value": 179.0,
        "CO AQI Value": 0.75,
        "Ozone AQI Value": 28.5,
        "NO2 AQI Value": 0.0,
        "PM2.5 AQI Value": 179.0,
        "Year": 2019
    },
    {
        "Country": "Mauritius",
        "AQI Value": 41.0,
        "CO AQI Value": 0.28,
        "Ozone AQI Value": 28.22,
        "NO2 AQI Value": 0.0,
        "PM2.5 AQI Value": 40.61,
        "Year": 2019
    },
    {
        "Country": "Mexico",
        "AQI Value": 89.54,
        "CO AQI Value": 1.75,
        "Ozone AQI Value": 16.82,
        "NO2 AQI Value": 4.93,
        "PM2.5 AQI Value": 89.29,
        "Year": 2019
    },
    {
        "Country": "Monaco",
        "AQI Value": 56.0,
        "CO AQI Value": 1.0,
        "Ozone AQI Value": 56.0,
        "NO2 AQI Value": 1.0,
        "PM2.5 AQI Value": 42.0,
        "Year": 2019
    },
    {
        "Country": "Mongolia",
        "AQI Value": 53.4,
        "CO AQI Value": 0.9,
        "Ozone AQI Value": 33.3,
        "NO2 AQI Value": 0.0,
        "PM2.5 AQI Value": 48.4,
        "Year": 2019
    },
    {
        "Country": "Montenegro",
        "AQI Value": 64.75,
        "CO AQI Value": 1.0,
        "Ozone AQI Value": 33.25,
        "NO2 AQI Value": 0.25,
        "PM2.5 AQI Value": 64.75,
        "Year": 2019
    },
    {
        "Country": "Morocco",
        "AQI Value": 45.37,
        "CO AQI Value": 1.16,
        "Ozone AQI Value": 29.58,
        "NO2 AQI Value": 3.95,
        "PM2.5 AQI Value": 43.74,
        "Year": 2019
    },
    {
        "Country": "Mozambique",
        "AQI Value": 36.83,
        "CO AQI Value": 0.57,
        "Ozone AQI Value": 22.35,
        "NO2 AQI Value": 0.04,
        "PM2.5 AQI Value": 36.22,
        "Year": 2019
    },
    {
        "Country": "Myanmar",
        "AQI Value": 40.17,
        "CO AQI Value": 0.44,
        "Ozone AQI Value": 22.05,
        "NO2 AQI Value": 0.2,
        "PM2.5 AQI Value": 39.0,
        "Year": 2019
    },
    {
        "Country": "Namibia",
        "AQI Value": 76.88,
        "CO AQI Value": 0.41,
        "Ozone AQI Value": 20.47,
        "NO2 AQI Value": 0.0,
        "PM2.5 AQI Value": 75.71,
        "Year": 2019
    },
    {
        "Country": "Nepal",
        "AQI Value": 116.36,
        "CO AQI Value": 2.45,
        "Ozone AQI Value": 67.58,
        "NO2 AQI Value": 0.79,
        "PM2.5 AQI Value": 116.27,
        "Year": 2019
    },
    {
        "Country": "Netherlands",
        "AQI Value": 38.14,
        "CO AQI Value": 0.66,
        "Ozone AQI Value": 31.84,
        "NO2 AQI Value": 2.51,
        "PM2.5 AQI Value": 35.11,
        "Year": 2019
    },
    {
        "Country": "New Zealand",
        "AQI Value": 30.73,
        "CO AQI Value": 0.0,
        "Ozone AQI Value": 20.91,
        "NO2 AQI Value": 0.86,
        "PM2.5 AQI Value": 27.14,
        "Year": 2019
    },
    {
        "Country": "Nicaragua",
        "AQI Value": 47.97,
        "CO AQI Value": 1.0,
        "Ozone AQI Value": 16.38,
        "NO2 AQI Value": 1.57,
        "PM2.5 AQI Value": 47.95,
        "Year": 2019
    },
    {
        "Country": "Niger",
        "AQI Value": 75.69,
        "CO AQI Value": 1.52,
        "Ozone AQI Value": 30.97,
        "NO2 AQI Value": 0.76,
        "PM2.5 AQI Value": 75.69,
        "Year": 2019
    },
    {
        "Country": "Nigeria",
        "AQI Value": 99.61,
        "CO AQI Value": 3.81,
        "Ozone AQI Value": 24.85,
        "NO2 AQI Value": 2.27,
        "PM2.5 AQI Value": 99.61,
        "Year": 2019
    },
    {
        "Country": "Norway",
        "AQI Value": 35.48,
        "CO AQI Value": 0.67,
        "Ozone AQI Value": 34.62,
        "NO2 AQI Value": 0.29,
        "PM2.5 AQI Value": 18.57,
        "Year": 2019
    },
    {
        "Country": "Oman",
        "AQI Value": 137.5,
        "CO AQI Value": 1.33,
        "Ozone AQI Value": 97.83,
        "NO2 AQI Value": 1.83,
        "PM2.5 AQI Value": 134.83,
        "Year": 2019
    },
    {
        "Country": "Pakistan",
        "AQI Value": 178.79,
        "CO AQI Value": 2.07,
        "Ozone AQI Value": 89.14,
        "NO2 AQI Value": 2.07,
        "PM2.5 AQI Value": 173.11,
        "Year": 2019
    },
    {
        "Country": "Palau",
        "AQI Value": 16.0,
        "CO AQI Value": 0.0,
        "Ozone AQI Value": 16.0,
        "NO2 AQI Value": 0.0,
        "PM2.5 AQI Value": 7.0,
        "Year": 2019
    },
    {
        "Country": "Panama",
        "AQI Value": 68.44,
        "CO AQI Value": 1.78,
        "Ozone AQI Value": 18.04,
        "NO2 AQI Value": 5.59,
        "PM2.5 AQI Value": 68.44,
        "Year": 2019
    },
    {
        "Country": "Papua New Guinea",
        "AQI Value": 24.87,
        "CO AQI Value": 0.0,
        "Ozone AQI Value": 15.73,
        "NO2 AQI Value": 0.07,
        "PM2.5 AQI Value": 20.53,
        "Year": 2019
    },
    {
        "Country": "Paraguay",
        "AQI Value": 42.77,
        "CO AQI Value": 1.23,
        "Ozone AQI Value": 12.35,
        "NO2 AQI Value": 0.92,
        "PM2.5 AQI Value": 42.77,
        "Year": 2019
    },
    {
        "Country": "Peru",
        "AQI Value": 36.43,
        "CO AQI Value": 0.71,
        "Ozone AQI Value": 12.0,
        "NO2 AQI Value": 1.18,
        "PM2.5 AQI Value": 36.09,
        "Year": 2019
    },
    {
        "Country": "Philippines",
        "AQI Value": 61.2,
        "CO AQI Value": 0.97,
        "Ozone AQI Value": 22.32,
        "NO2 AQI Value": 1.2,
        "PM2.5 AQI Value": 61.05,
        "Year": 2019
    },
    {
        "Country": "Poland",
        "AQI Value": 52.46,
        "CO AQI Value": 0.94,
        "Ozone AQI Value": 33.99,
        "NO2 AQI Value": 1.46,
        "PM2.5 AQI Value": 49.25,
        "Year": 2019
    },
    {
        "Country": "Portugal",
        "AQI Value": 34.61,
        "CO AQI Value": 0.62,
        "Ozone AQI Value": 31.84,
        "NO2 AQI Value": 2.21,
        "PM2.5 AQI Value": 25.44,
        "Year": 2019
    },
    {
        "Country": "Qatar",
        "AQI Value": 157.5,
        "CO AQI Value": 1.0,
        "Ozone AQI Value": 139.0,
        "NO2 AQI Value": 1.5,
        "PM2.5 AQI Value": 147.5,
        "Year": 2019
    },
    {
        "Country": "Republic of Moldova",
        "AQI Value": 52.96,
        "CO AQI Value": 1.0,
        "Ozone AQI Value": 43.07,
        "NO2 AQI Value": 0.04,
        "PM2.5 AQI Value": 49.79,
        "Year": 2019
    },
    {
        "Country": "Republic of North Macedonia",
        "AQI Value": 66.78,
        "CO AQI Value": 1.0,
        "Ozone AQI Value": 41.8,
        "NO2 AQI Value": 0.2,
        "PM2.5 AQI Value": 66.78,
        "Year": 2019
    },
    {
        "Country": "Romania",
        "AQI Value": 53.93,
        "CO AQI Value": 1.0,
        "Ozone AQI Value": 40.25,
        "NO2 AQI Value": 0.53,
        "PM2.5 AQI Value": 51.27,
        "Year": 2019
    },
    {
        "Country": "Russia",
        "AQI Value": 42.51,
        "CO AQI Value": 1.04,
        "Ozone AQI Value": 34.13,
        "NO2 AQI Value": 1.11,
        "PM2.5 AQI Value": 34.51,
        "Year": 2019
    },
    {
        "Country": "Rwanda",
        "AQI Value": 93.54,
        "CO AQI Value": 3.62,
        "Ozone AQI Value": 22.08,
        "NO2 AQI Value": 1.46,
        "PM2.5 AQI Value": 93.54,
        "Year": 2019
    },
    {
        "Country": "Saint Kitts and Nevis",
        "AQI Value": 90.0,
        "CO AQI Value": 1.0,
        "Ozone AQI Value": 25.0,
        "NO2 AQI Value": 0.0,
        "PM2.5 AQI Value": 90.0,
        "Year": 2019
    },
    {
        "Country": "Saint Lucia",
        "AQI Value": 79.0,
        "CO AQI Value": 0.0,
        "Ozone AQI Value": 26.0,
        "NO2 AQI Value": 0.0,
        "PM2.5 AQI Value": 79.0,
        "Year": 2019
    },
    {
        "Country": "Saudi Arabia",
        "AQI Value": 149.29,
        "CO AQI Value": 1.29,
        "Ozone AQI Value": 77.07,
        "NO2 AQI Value": 0.64,
        "PM2.5 AQI Value": 149.29,
        "Year": 2019
    },
    {
        "Country": "Senegal",
        "AQI Value": 152.42,
        "CO AQI Value": 1.39,
        "Ozone AQI Value": 22.0,
        "NO2 AQI Value": 1.88,
        "PM2.5 AQI Value": 152.42,
        "Year": 2019
    },
    {
        "Country": "Serbia",
        "AQI Value": 67.99,
        "CO AQI Value": 1.02,
        "Ozone AQI Value": 40.56,
        "NO2 AQI Value": 0.85,
        "PM2.5 AQI Value": 67.64,
        "Year": 2019
    },
    {
        "Country": "Seychelles",
        "AQI Value": 26.0,
        "CO AQI Value": 0.0,
        "Ozone AQI Value": 25.0,
        "NO2 AQI Value": 0.0,
        "PM2.5 AQI Value": 26.0,
        "Year": 2019
    },
    {
        "Country": "Sierra Leone",
        "AQI Value": 44.2,
        "CO AQI Value": 1.13,
        "Ozone AQI Value": 16.0,
        "NO2 AQI Value": 0.07,
        "PM2.5 AQI Value": 44.07,
        "Year": 2019
    },
    {
        "Country": "Singapore",
        "AQI Value": 91.0,
        "CO AQI Value": 1.0,
        "Ozone AQI Value": 29.0,
        "NO2 AQI Value": 4.0,
        "PM2.5 AQI Value": 91.0,
        "Year": 2019
    },
    {
        "Country": "Slovakia",
        "AQI Value": 67.53,
        "CO AQI Value": 1.0,
        "Ozone AQI Value": 40.02,
        "NO2 AQI Value": 0.79,
        "PM2.5 AQI Value": 67.34,
        "Year": 2019
    },
    {
        "Country": "Slovenia",
        "AQI Value": 70.88,
        "CO AQI Value": 1.12,
        "Ozone AQI Value": 40.56,
        "NO2 AQI Value": 1.31,
        "PM2.5 AQI Value": 69.88,
        "Year": 2019
    },
    {
        "Country": "Solomon Islands",
        "AQI Value": 18.0,
        "CO AQI Value": 0.0,
        "Ozone AQI Value": 18.0,
        "NO2 AQI Value": 0.0,
        "PM2.5 AQI Value": 6.0,
        "Year": 2019
    },
    {
        "Country": "Somalia",
        "AQI Value": 72.06,
        "CO AQI Value": 0.17,
        "Ozone AQI Value": 21.5,
        "NO2 AQI Value": 0.0,
        "PM2.5 AQI Value": 72.06,
        "Year": 2019
    },
    {
        "Country": "South Africa",
        "AQI Value": 113.04,
        "CO AQI Value": 5.38,
        "Ozone AQI Value": 16.67,
        "NO2 AQI Value": 6.67,
        "PM2.5 AQI Value": 113.04,
        "Year": 2019
    },
    {
        "Country": "South Korea",
        "AQI Value": 421.0,
        "CO AQI Value": 27.0,
        "Ozone AQI Value": 0.0,
        "NO2 AQI Value": 91.0,
        "PM2.5 AQI Value": 415.0,
        "Year": 2019
    },
    {
        "Country": "South Sudan",
        "AQI Value": 60.33,
        "CO AQI Value": 1.25,
        "Ozone AQI Value": 10.42,
        "NO2 AQI Value": 0.0,
        "PM2.5 AQI Value": 60.33,
        "Year": 2019
    },
    {
        "Country": "Spain",
        "AQI Value": 38.46,
        "CO AQI Value": 0.81,
        "Ozone AQI Value": 31.41,
        "NO2 AQI Value": 1.83,
        "PM2.5 AQI Value": 30.22,
        "Year": 2019
    },
    {
        "Country": "Sri Lanka",
        "AQI Value": 63.52,
        "CO AQI Value": 0.54,
        "Ozone AQI Value": 23.54,
        "NO2 AQI Value": 1.02,
        "PM2.5 AQI Value": 63.52,
        "Year": 2019
    },
    {
        "Country": "State of Palestine",
        "AQI Value": 86.0,
        "CO AQI Value": 1.0,
        "Ozone AQI Value": 85.0,
        "NO2 AQI Value": 2.0,
        "PM2.5 AQI Value": 86.0,
        "Year": 2019
    },
    {
        "Country": "Sudan",
        "AQI Value": 78.86,
        "CO AQI Value": 1.29,
        "Ozone AQI Value": 25.64,
        "NO2 AQI Value": 0.18,
        "PM2.5 AQI Value": 78.86,
        "Year": 2019
    },
    {
        "Country": "Suriname",
        "AQI Value": 43.33,
        "CO AQI Value": 0.67,
        "Ozone AQI Value": 19.0,
        "NO2 AQI Value": 0.0,
        "PM2.5 AQI Value": 43.33,
        "Year": 2019
    },
    {
        "Country": "Sweden",
        "AQI Value": 36.16,
        "CO AQI Value": 0.7,
        "Ozone AQI Value": 34.69,
        "NO2 AQI Value": 0.25,
        "PM2.5 AQI Value": 21.04,
        "Year": 2019
    },
    {
        "Country": "Switzerland",
        "AQI Value": 55.22,
        "CO AQI Value": 1.01,
        "Ozone AQI Value": 30.81,
        "NO2 AQI Value": 1.6,
        "PM2.5 AQI Value": 55.03,
        "Year": 2019
    },
    {
        "Country": "Syrian Arab Republic",
        "AQI Value": 86.93,
        "CO AQI Value": 1.0,
        "Ozone AQI Value": 53.0,
        "NO2 AQI Value": 0.73,
        "PM2.5 AQI Value": 83.53,
        "Year": 2019
    },
    {
        "Country": "Tajikistan",
        "AQI Value": 115.21,
        "CO AQI Value": 1.0,
        "Ozone AQI Value": 44.48,
        "NO2 AQI Value": 0.21,
        "PM2.5 AQI Value": 115.21,
        "Year": 2019
    },
    {
        "Country": "Tanzania",
        "AQI Value": 31.63,
        "CO AQI Value": 0.46,
        "Ozone AQI Value": 17.31,
        "NO2 AQI Value": 0.07,
        "PM2.5 AQI Value": 31.11,
        "Year": 2019
    },
    {
        "Country": "Thailand",
        "AQI Value": 53.58,
        "CO AQI Value": 0.62,
        "Ozone AQI Value": 23.0,
        "NO2 AQI Value": 0.91,
        "PM2.5 AQI Value": 53.44,
        "Year": 2019
    },
    {
        "Country": "Togo",
        "AQI Value": 65.16,
        "CO AQI Value": 1.32,
        "Ozone AQI Value": 19.32,
        "NO2 AQI Value": 0.47,
        "PM2.5 AQI Value": 65.16,
        "Year": 2019
    },
    {
        "Country": "Trinidad and Tobago",
        "AQI Value": 94.5,
        "CO AQI Value": 0.75,
        "Ozone AQI Value": 21.75,
        "NO2 AQI Value": 3.5,
        "PM2.5 AQI Value": 94.5,
        "Year": 2019
    },
    {
        "Country": "Tunisia",
        "AQI Value": 70.91,
        "CO AQI Value": 1.11,
        "Ozone AQI Value": 53.05,
        "NO2 AQI Value": 1.75,
        "PM2.5 AQI Value": 58.7,
        "Year": 2019
    },
    {
        "Country": "Turkey",
        "AQI Value": 51.67,
        "CO AQI Value": 0.9,
        "Ozone AQI Value": 40.55,
        "NO2 AQI Value": 0.35,
        "PM2.5 AQI Value": 45.71,
        "Year": 2019
    },
    {
        "Country": "Turkmenistan",
        "AQI Value": 104.72,
        "CO AQI Value": 1.0,
        "Ozone AQI Value": 42.67,
        "NO2 AQI Value": 0.33,
        "PM2.5 AQI Value": 104.72,
        "Year": 2019
    },
    {
        "Country": "Uganda",
        "AQI Value": 85.32,
        "CO AQI Value": 2.65,
        "Ozone AQI Value": 20.25,
        "NO2 AQI Value": 0.68,
        "PM2.5 AQI Value": 85.32,
        "Year": 2019
    },
    {
        "Country": "Ukraine",
        "AQI Value": 51.05,
        "CO AQI Value": 1.0,
        "Ozone AQI Value": 37.95,
        "NO2 AQI Value": 0.68,
        "PM2.5 AQI Value": 43.68,
        "Year": 2019
    },
    {
        "Country": "United Arab Emirates",
        "AQI Value": 163.67,
        "CO AQI Value": 1.33,
        "Ozone AQI Value": 159.67,
        "NO2 AQI Value": 3.33,
        "PM2.5 AQI Value": 152.67,
        "Year": 2019
    },
    {
        "Country": "United Kingdom of Great Britain and Northern Ireland",
        "AQI Value": 39.52,
        "CO AQI Value": 0.72,
        "Ozone AQI Value": 27.63,
        "NO2 AQI Value": 3.47,
        "PM2.5 AQI Value": 35.99,
        "Year": 2019
    },
    {
        "Country": "United States of America",
        "AQI Value": 59.74,
        "CO AQI Value": 1.46,
        "Ozone AQI Value": 27.62,
        "NO2 AQI Value": 8.54,
        "PM2.5 AQI Value": 58.05,
        "Year": 2019
    },
    {
        "Country": "Uruguay",
        "AQI Value": 26.65,
        "CO AQI Value": 0.19,
        "Ozone AQI Value": 18.96,
        "NO2 AQI Value": 0.85,
        "PM2.5 AQI Value": 21.69,
        "Year": 2019
    },
    {
        "Country": "Uzbekistan",
        "AQI Value": 119.09,
        "CO AQI Value": 1.03,
        "Ozone AQI Value": 47.79,
        "NO2 AQI Value": 2.6,
        "PM2.5 AQI Value": 118.09,
        "Year": 2019
    },
    {
        "Country": "Vanuatu",
        "AQI Value": 30.0,
        "CO AQI Value": 0.0,
        "Ozone AQI Value": 25.0,
        "NO2 AQI Value": 0.0,
        "PM2.5 AQI Value": 30.0,
        "Year": 2019
    },
    {
        "Country": "Venezuela",
        "AQI Value": 77.72,
        "CO AQI Value": 1.28,
        "Ozone AQI Value": 17.52,
        "NO2 AQI Value": 3.87,
        "PM2.5 AQI Value": 77.72,
        "Year": 2019
    },
    {
        "Country": "Viet Nam",
        "AQI Value": 87.05,
        "CO AQI Value": 2.37,
        "Ozone AQI Value": 46.23,
        "NO2 AQI Value": 2.63,
        "PM2.5 AQI Value": 82.48,
        "Year": 2019
    },
    {
        "Country": "Yemen",
        "AQI Value": 144.57,
        "CO AQI Value": 1.29,
        "Ozone AQI Value": 55.43,
        "NO2 AQI Value": 0.71,
        "PM2.5 AQI Value": 144.57,
        "Year": 2019
    },
    {
        "Country": "Zambia",
        "AQI Value": 40.67,
        "CO AQI Value": 0.69,
        "Ozone AQI Value": 20.19,
        "NO2 AQI Value": 0.1,
        "PM2.5 AQI Value": 39.95,
        "Year": 2019
    },
    {
        "Country": "Zimbabwe",
        "AQI Value": 43.74,
        "CO AQI Value": 1.3,
        "Ozone AQI Value": 18.07,
        "NO2 AQI Value": 0.44,
        "PM2.5 AQI Value": 42.74,
        "Year": 2019
    }
]